{
  "snow.npc.userdata.NpcTransformUserData": {
    "_TransformArray": [
      {
        "_Position": [
          -509.0,
          0.8461506,
          -247.7057
        ],
        "_Rotation": [
          0.0,
          -0.1305262,
          0.0,
          0.9914449
        ]
      }
    ]
  }
}