{
  "snow.npc.userdata.NpcTransformUserData": {
    "_TransformArray": [
      {
        "_Position": [
          224.454,
          9.264285,
          -97.80477
        ],
        "_Rotation": [
          0.0,
          0.4226183,
          0.0,
          0.9063078
        ]
      }
    ]
  }
}