{
  "snow.npc.userdata.NpcTransformUserData": {
    "_TransformArray": [
      {
        "_Position": [
          556.2886,
          11.10127,
          -79.6031
        ],
        "_Rotation": [
          0.0,
          -0.775295,
          0.0,
          0.6315993
        ]
      }
    ]
  }
}