{
  "snow.npc.userdata.NpcTransformUserData": {
    "_TransformArray": [
      {
        "_Position": [
          -511.2004,
          0.8378415,
          -245.2787
        ],
        "_Rotation": [
          0.0,
          0.7660444,
          0.0,
          0.6427876
        ]
      }
    ]
  }
}