{
  "snow.npc.userdata.NpcTransformUserData": {
    "_TransformArray": [
      {
        "_Position": [
          -510.3314,
          0.8446713,
          -246.6199
        ],
        "_Rotation": [
          0.0,
          0.358368,
          0.0,
          0.9335804
        ]
      }
    ]
  }
}