{
  "snow.npc.userdata.NpcTransformUserData": {
    "_TransformArray": [
      {
        "_Position": [
          531.8954,
          9.946683,
          16.81323
        ],
        "_Rotation": [
          0.0,
          -0.4226183,
          0.0,
          0.9063078
        ]
      }
    ]
  }
}