{
  "snow.npc.userdata.NpcTransformUserData": {
    "_TransformArray": [
      {
        "_Position": [
          -490.3674,
          0.1999969,
          -238.9036
        ],
        "_Rotation": [
          0.0,
          -0.6760925,
          0.0,
          0.7368168
        ]
      }
    ]
  }
}