{
  "snow.npc.userdata.NpcTransformUserData": {
    "_TransformArray": [
      {
        "_Position": [
          112.546,
          9.952531,
          -0.006785497
        ],
        "_Rotation": [
          0.0,
          -0.07660238,
          0.0,
          0.9970617
        ]
      }
    ]
  }
}