{
  "snow.npc.userdata.NpcTransformUserData": {
    "_TransformArray": [
      {
        "_Position": [
          615.8608,
          10.31819,
          -87.10171
        ],
        "_Rotation": [
          0.0,
          -0.5735765,
          0.0,
          0.819152
        ]
      }
    ]
  }
}