{
  "snow.npc.userdata.NpcTransformUserData": {
    "_TransformArray": [
      {
        "_Position": [
          169.5856,
          10.51584,
          7.558308
        ],
        "_Rotation": [
          0.0,
          -0.7660444,
          0.0,
          0.6427876
        ]
      }
    ]
  }
}