{
  "snow.npc.userdata.NpcTransformUserData": {
    "_TransformArray": [
      {
        "_Position": [
          342.1904,
          9.931564,
          -63.43587
        ],
        "_Rotation": [
          0.0,
          -0.2412193,
          0.0,
          0.9704706
        ]
      }
    ]
  }
}