{
  "snow.npc.userdata.NpcTransformUserData": {
    "_TransformArray": [
      {
        "_Position": [
          206.0777,
          9.326631,
          -82.94051
        ],
        "_Rotation": [
          0.0,
          0.08715575,
          0.0,
          0.9961947
        ]
      }
    ]
  }
}