{
  "snow.npc.userdata.NpcTransformUserData": {
    "_TransformArray": [
      {
        "_Position": [
          686.3438,
          11.35926,
          -17.23853
        ],
        "_Rotation": [
          0.0,
          0.9659258,
          0.0,
          0.258819
        ]
      }
    ]
  }
}