{
  "snow.npc.userdata.NpcTransformUserData": {
    "_TransformArray": [
      {
        "_Position": [
          661.8004,
          11.35819,
          -16.71376
        ],
        "_Rotation": [
          0.0,
          0.976296,
          0.0,
          -0.2164396
        ]
      }
    ]
  }
}