{
  "snow.npc.userdata.NpcTransformUserData": {
    "_TransformArray": [
      {
        "_Position": [
          -512.3403,
          1.618801,
          -236.1343
        ],
        "_Rotation": [
          0.0,
          0.9961947,
          0.0,
          0.08715568
        ]
      }
    ]
  }
}