{
  "snow.npc.userdata.NpcTransformUserData": {
    "_TransformArray": [
      {
        "_Position": [
          346.4548,
          9.892972,
          -65.01329
        ],
        "_Rotation": [
          0.0,
          -0.2077391,
          0.0,
          0.9781843
        ]
      }
    ]
  }
}