{
  "snow.npc.userdata.NpcTransformUserData": {
    "_TransformArray": [
      {
        "_Position": [
          402.0046,
          10.49866,
          -61.16764
        ],
        "_Rotation": [
          0.0,
          -0.819152,
          0.0,
          0.5735765
        ]
      }
    ]
  }
}