{
  "snow.npc.userdata.NpcTransformUserData": {
    "_TransformArray": [
      {
        "_Position": [
          110.8644,
          9.891588,
          3.780876
        ],
        "_Rotation": [
          0.0,
          0.1392386,
          0.0,
          0.9902589
        ]
      }
    ]
  }
}