{
  "snow.npc.userdata.NpcTransformUserData": {
    "_TransformArray": [
      {
        "_Position": [
          196.3658,
          29.24006,
          -75.88446
        ],
        "_Rotation": [
          0.0,
          0.7071068,
          0.0,
          0.7071068
        ]
      }
    ]
  }
}