{
  "snow.npc.userdata.NpcTransformUserData": {
    "_TransformArray": [
      {
        "_Position": [
          453.928,
          7.2161,
          502.4608
        ],
        "_Rotation": [
          0.0,
          0.9247671,
          0.0,
          0.3805338
        ]
      }
    ]
  }
}