{
  "snow.npc.userdata.NpcTransformUserData": {
    "_TransformArray": [
      {
        "_Position": [
          -1504.36,
          0.2357727,
          -498.34
        ],
        "_Rotation": [
          0.0,
          0.9396927,
          0.0,
          -0.3420201
        ]
      }
    ]
  }
}