{
  "snow.npc.otomo.userdata.WelcomeOtNavigationRouteUserData": {
    "_RouteList": [
      {
        "_NodeList": [
          {
            "_Node": [
              0.0,
              0.0,
              0.0,
              0.0,
              0.0,
              0.0,
              0.0,
              0.0,
              0.0,
              0.0,
              0.0,
              0.0,
              512.8217,
              2.165308,
              -1502.621,
              0.0
            ],
            "_MovingAction": 102,
            "_ExecuteAction": false,
            "_Action": 101
          },
          {
            "_Node": [
              0.0,
              0.0,
              0.0,
              0.0,
              0.0,
              0.0,
              0.0,
              0.0,
              0.0,
              0.0,
              0.0,
              0.0,
              512.3914,
              1.04805,
              -1514.604,
              0.0
            ],
            "_MovingAction": 102,
            "_ExecuteAction": false,
            "_Action": 101
          },
          {
            "_Node": [
              -0.6781465,
              -1.023973e-7,
              -0.7349268,
              0.0,
              -2.619666e-7,
              1.0,
              1.023973e-7,
              0.0,
              0.7349268,
              2.619666e-7,
              -0.6781465,
              0.0,
              496.2394,
              2.185966,
              -1509.354,
              1.0
            ],
            "_MovingAction": 102,
            "_ExecuteAction": true,
            "_Action": 101
          }
        ]
      }
    ]
  }
}