{
  "app.user_data.MeshConstraintUserData": {
    "ConstraintDataList": [
      {
        "ResultData": {
          "v0_LocalPosition": [
            -0.16270357,
            2.5010552,
            2.990114
          ],
          "v1_LocalNormal": [
            0.48163727,
            0.8624691,
            -0.15547593
          ],
          "v2_JointElement": [
            327935
          ],
          "v3_BlendShapeValue": [],
          "v4_PartId": 0
        },
        "_ID": 1880647072,
        "_Offset": [
          1.0,
          0.0,
          0.0,
          0.0,
          0.0,
          1.0,
          0.0,
          0.0,
          0.0,
          0.0,
          1.0,
          0.0,
          0.0,
          0.0,
          0.0,
          1.0
        ],
        "_IsEnableData": true
      },
      {
        "ResultData": {
          "v0_LocalPosition": [
            1.2601613,
            1.9399844,
            1.7804976
          ],
          "v1_LocalNormal": [
            0.88125694,
            0.29743636,
            0.36731142
          ],
          "v2_JointElement": [
            3801213,
            2097233,
            2162737
          ],
          "v3_BlendShapeValue": [],
          "v4_PartId": 0
        },
        "_ID": 1,
        "_Offset": [
          1.0,
          0.0,
          0.0,
          0.0,
          0.0,
          1.0,
          0.0,
          0.0,
          0.0,
          0.0,
          1.0,
          0.0,
          0.0,
          0.0,
          0.0,
          1.0
        ],
        "_IsEnableData": true
      },
      {
        "ResultData": {
          "v0_LocalPosition": [
            -1.2654572,
            2.0302925,
            1.6748135
          ],
          "v1_LocalNormal": [
            -0.6085204,
            0.6600664,
            0.44047153
          ],
          "v2_JointElement": [
            3932258,
            5570641,
            3997772
          ],
          "v3_BlendShapeValue": [],
          "v4_PartId": 0
        },
        "_ID": 341722278,
        "_Offset": [
          1.0,
          0.0,
          0.0,
          0.0,
          0.0,
          1.0,
          0.0,
          0.0,
          0.0,
          0.0,
          1.0,
          0.0,
          0.0,
          0.0,
          0.0,
          1.0
        ],
        "_IsEnableData": true
      },
      {
        "ResultData": {
          "v0_LocalPosition": [
            -0.76721257,
            1.9155962,
            -0.16610256
          ],
          "v1_LocalNormal": [
            -0.80012894,
            0.496535,
            0.3365213
          ],
          "v2_JointElement": [
            7143600,
            63,
            65552
          ],
          "v3_BlendShapeValue": [],
          "v4_PartId": 0
        },
        "_ID": 3,
        "_Offset": [
          1.0,
          0.0,
          0.0,
          0.0,
          0.0,
          1.0,
          0.0,
          0.0,
          0.0,
          0.0,
          1.0,
          0.0,
          0.0,
          0.0,
          0.0,
          1.0
        ],
        "_IsEnableData": true
      },
      {
        "ResultData": {
          "v0_LocalPosition": [
            0.13571562,
            2.408895,
            3.760916
          ],
          "v1_LocalNormal": [
            0.022607135,
            0.9761261,
            -0.21602486
          ],
          "v2_JointElement": [
            655493,
            721000,
            786444,
            589828,
            851970
          ],
          "v3_BlendShapeValue": [],
          "v4_PartId": 0
        },
        "_ID": 5,
        "_Offset": [
          1.0,
          0.0,
          0.0,
          0.0,
          0.0,
          1.0,
          0.0,
          0.0,
          0.0,
          0.0,
          1.0,
          0.0,
          0.0,
          0.0,
          0.0,
          1.0
        ],
        "_IsEnableData": true
      },
      {
        "ResultData": {
          "v0_LocalPosition": [
            -2.457621,
            1.412744,
            1.1015861
          ],
          "v1_LocalNormal": [
            0.48558065,
            0.6027279,
            0.6331908
          ],
          "v2_JointElement": [
            5177474,
            5308499,
            4128810
          ],
          "v3_BlendShapeValue": [],
          "v4_PartId": 0
        },
        "_ID": 1807646770,
        "_Offset": [
          1.0,
          0.0,
          0.0,
          0.0,
          0.0,
          1.0,
          0.0,
          0.0,
          0.0,
          0.0,
          1.0,
          0.0,
          0.0,
          0.0,
          0.0,
          1.0
        ],
        "_IsEnableData": true
      },
      {
        "ResultData": {
          "v0_LocalPosition": [
            -1.0189695,
            1.7403283,
            -1.1060666
          ],
          "v1_LocalNormal": [
            -0.77585036,
            0.5949454,
            0.20999125
          ],
          "v2_JointElement": [
            8388751,
            7143531,
            8454149
          ],
          "v3_BlendShapeValue": [],
          "v4_PartId": 0
        },
        "_ID": 2142678442,
        "_Offset": [
          1.0,
          0.0,
          0.0,
          0.0,
          0.0,
          1.0,
          0.0,
          0.0,
          0.0,
          0.0,
          1.0,
          0.0,
          0.0,
          0.0,
          0.0,
          1.0
        ],
        "_IsEnableData": true
      },
      {
        "ResultData": {
          "v0_LocalPosition": [
            0.93209183,
            1.676537,
            -0.3808328
          ],
          "v1_LocalNormal": [
            0.8831222,
            0.15584357,
            0.4425019
          ],
          "v2_JointElement": [
            6946969,
            5767267,
            3
          ],
          "v3_BlendShapeValue": [],
          "v4_PartId": 0
        },
        "_ID": 1123136478,
        "_Offset": [
          1.0,
          0.0,
          0.0,
          0.0,
          0.0,
          1.0,
          0.0,
          0.0,
          0.0,
          0.0,
          1.0,
          0.0,
          0.0,
          0.0,
          0.0,
          1.0
        ],
        "_IsEnableData": true
      },
      {
        "ResultData": {
          "v0_LocalPosition": [
            2.412277,
            1.4291203,
            1.0581646
          ],
          "v1_LocalNormal": [
            0.5969382,
            0.7964177,
            -0.096869364
          ],
          "v2_JointElement": [
            3407974,
            3539027,
            2293830
          ],
          "v3_BlendShapeValue": [],
          "v4_PartId": 0
        },
        "_ID": 739629229,
        "_Offset": [
          1.0,
          0.0,
          0.0,
          0.0,
          0.0,
          1.0,
          0.0,
          0.0,
          0.0,
          0.0,
          1.0,
          0.0,
          0.0,
          0.0,
          0.0,
          1.0
        ],
        "_IsEnableData": true
      },
      {
        "ResultData": {
          "v0_LocalPosition": [
            -0.025012067,
            2.446539,
            2.8914747
          ],
          "v1_LocalNormal": [
            -0.23398295,
            0.96019906,
            0.15254378
          ],
          "v2_JointElement": [
            327935
          ],
          "v3_BlendShapeValue": [],
          "v4_PartId": 0
        },
        "_ID": 614225038,
        "_Offset": [
          1.0,
          0.0,
          0.0,
          0.0,
          0.0,
          1.0,
          0.0,
          0.0,
          0.0,
          0.0,
          1.0,
          0.0,
          0.0,
          0.0,
          0.0,
          1.0
        ],
        "_IsEnableData": true
      },
      {
        "ResultData": {
          "v0_LocalPosition": [
            0.025895748,
            2.2955284,
            1.7978187
          ],
          "v1_LocalNormal": [
            -0.017362744,
            0.9100691,
            0.41409254
          ],