{
  "snow.npc.userdata.NpcTransformUserData": {
    "_TransformArray": [
      {
        "_Position": [
          488.2513,
          4.439489,
          -1505.005
        ],
        "_Rotation": [
          0.0,
          0.4190508,
          0.0,
          0.9079628
        ]
      }
    ]
  }
}