{
  "app.user_data.MeshConstraintUserData": {
    "ConstraintDataList": [
      {
        "ResultData": {
          "v0_LocalPosition": [
            -0.3692023,
            1.469612,
            -4.189933
          ],
          "v1_LocalNormal": [
            -0.7680122,
            0.5467877,
            -0.3334373
          ],
          "v2_JointElement": [
            7209181,
            7274518,
            7143436
          ],
          "v3_BlendShapeValue": [],
          "v4_PartId": 0
        },
        "_ID": 0,
        "_Offset": [
          1.0,
          0.0,
          0.0,
          0.0,
          0.0,
          1.0,
          0.0,
          0.0,
          0.0,
          0.0,
          1.0,
          0.0,
          0.0,
          0.0,
          0.0,
          1.0
        ],
        "_IsEnableData": true
      },
      {
        "ResultData": {
          "v0_LocalPosition": [
            0.2925165,
            1.367247,
            -4.520744
          ],
          "v1_LocalNormal": [
            0.6745888,
            0.6070157,
            -0.4200734
          ],
          "v2_JointElement": [
            7209098,
            7274608,
            7143429
          ],
          "v3_BlendShapeValue": [],
          "v4_PartId": 0
        },
        "_ID": 1,
        "_Offset": [
          1.0,
          0.0,
          0.0,
          0.0,
          0.0,
          1.0,
          0.0,
          0.0,
          0.0,
          0.0,
          1.0,
          0.0,
          0.0,
          0.0,
          0.0,
          1.0
        ],
        "_IsEnableData": true
      },
      {
        "ResultData": {
          "v0_LocalPosition": [
            -0.4070368,
            2.36022,
            -2.332927
          ],
          "v1_LocalNormal": [
            -0.2106343,
            0.9217185,
            -0.3256813
          ],
          "v2_JointElement": [
            7078103,
            7143462,
            1,
            7405569
          ],
          "v3_BlendShapeValue": [],
          "v4_PartId": 0
        },
        "_ID": 2,
        "_Offset": [
          1.0,
          0.0,
          0.0,
          0.0,
          0.0,
          1.0,
          0.0,
          0.0,
          0.0,
          0.0,
          1.0,
          0.0,
          0.0,
          0.0,
          0.0,
          1.0
        ],
        "_IsEnableData": true
      },
      {
        "ResultData": {
          "v0_LocalPosition": [
            0.601015,
            2.599956,
            -1.531572
          ],
          "v1_LocalNormal": [
            0.8236198,
            0.5589876,
            -0.09583017
          ],
          "v2_JointElement": [
            105,
            7077986,
            7340072,
            7471112,
            65540
          ],
          "v3_BlendShapeValue": [],
          "v4_PartId": 0
        },
        "_ID": 3,
        "_Offset": [
          1.0,
          0.0,
          0.0,
          0.0,
          0.0,
          1.0,
          0.0,
          0.0,
          0.0,
          0.0,
          1.0,
          0.0,
          0.0,
          0.0,
          0.0,
          1.0
        ],
        "_IsEnableData": true
      },
      {
        "ResultData": {
          "v0_LocalPosition": [
            0.22844,
            2.299263,
            -2.706672
          ],
          "v1_LocalNormal": [
            0.4500561,
            0.8380903,
            -0.3083089
          ],
          "v2_JointElement": [
            7078023,
            7143538,
            7208966
          ],
          "v3_BlendShapeValue": [],
          "v4_PartId": 0
        },
        "_ID": 4,
        "_Offset": [
          1.0,
          0.0,
          0.0,
          0.0,
          0.0,
          1.0,
          0.0,
          0.0,
          0.0,
          0.0,
          1.0,
          0.0,
          0.0,
          0.0,
          0.0,
          1.0
        ],
        "_IsEnableData": true
      },
      {
        "ResultData": {
          "v0_LocalPosition": [
            -0.3145954,
            2.837379,
            -1.322638
          ],
          "v1_LocalNormal": [
            -0.3642845,
            0.9311833,
            -0.01394579
          ],
          "v2_JointElement": [
            175,
            65579,
            7077923,
            7405570
          ],
          "v3_BlendShapeValue": [],
          "v4_PartId": 0
        },
        "_ID": 5,
        "_Offset": [
          1.0,
          0.0,
          0.0,
          0.0,
          0.0,
          1.0,
          0.0,
          0.0,
          0.0,
          0.0,
          1.0,
          0.0,
          0.0,
          0.0,
          0.0,
          1.0
        ],
        "_IsEnableData": true
      },
      {
        "ResultData": {
          "v0_LocalPosition": [
            0.02382078,
            1.536476,
            2.125112
          ],
          "v1_LocalNormal": [
            0.5850002,
            0.7241443,
            0.3652253
          ],
          "v2_JointElement": [
            262371,
            327699,
            196617
          ],
          "v3_BlendShapeValue": [],
          "v4_PartId": 0
        },
        "_ID": 6,
        "_Offset": [
          1.0,
          0.0,
          0.0,
          0.0,
          0.0,
          1.0,
          0.0,
          0.0,
          0.0,
          0.0,
          1.0,
          0.0,
          0.0,
          0.0,
          0.0,
          1.0
        ],
        "_IsEnableData": true
      },
      {
        "ResultData": {
          "v0_LocalPosition": [
            0.528426,
            2.843286,
            -0.599205
          ],
          "v1_LocalNormal": [
            0.4512489,
            0.8921531,
            -0.02090462
          ],
          "v2_JointElement": [
            65764,
            131095,
            7471108
          ],
          "v3_BlendShapeValue": [],
          "v4_PartId": 0
        },
        "_ID": 7,
        "_Offset": [
          1.0,
          0.0,
          0.0,
          0.0,
          0.0,
          1.0,
          0.0,
          0.0,
          0.0,
          0.0,
          1.0,
          0.0,
          0.0,
          0.0,
          0.0,
          1.0
        ],
        "_IsEnableData": true
      },
      {
        "ResultData": {
          "v0_LocalPosition": [
            -0.3688952,
            1.76199,
            -3.670222
          ],
          "v1_LocalNormal": [
            -0.5353909,
            0.7995545,
            -0.2721561
          ],
          "v2_JointElement": [
            7209114,
            7143516,
            7077897
          ],
          "v3_BlendShapeValue": [],
          "v4_PartId": 0
        },
        "_ID": 8,
        "_Offset": [
          1.0,
          0.0,
          0.0,
          0.0,
          0.0,
          1.0,
          0.0,
          0.0,
          0.0,
          0.0,
          1.0,
          0.0,
          0.0,
          0.0,
          0.0,
          1.0
        ],
        "_IsEnableData": true
      },
      {
        "ResultData": {
          "v0_LocalPosition": [
            0.4148177,
            1.944695,
            -3.24778
          ],
          "v1_LocalNormal": [
            0.3910476,
            0.8495874,
            -0.3539533
          ],
          "v2_JointElement": [
            7143597,
            7209018,
            7077912
          ],
          "v3_BlendShapeValue": [],
          "v4_PartId": 0
        },
        "_ID": 9,
        "_Offset": [
          1.0,
          0.0,
          0.0,
          0.0,
          0.0,
          1.0,
          0.0,
          0.0,
          0.0,
          0.0,
          1.0,
          0.0,
          0.0,
          0.0,
          0.0,
          1.0
        ],
        "_IsEnableData": true
      }
    ]
  }
}