{
  "snow.npc.userdata.NpcTransformUserData": {
    "_TransformArray": [
      {
        "_Position": [
          503.34,
          3.0523,
          500.66
        ],
        "_Rotation": [
          0.0,
          0.9986295,
          0.0,
          -0.05233585
        ]
      },
      {
        "_Position": [
          503.34,
          3.0523,
          500.66
        ],
        "_Rotation": [
          0.0,
          0.9986295,
          0.0,
          -0.05233585
        ]
      },
      {
        "_Position": [
          503.34,
          3.0523,
          500.66
        ],
        "_Rotation": [
          0.0,
          0.9986295,
          0.0,
          -0.05233585
        ]
      }
    ]
  }
}