{
  "snow.npc.userdata.NpcFixedCameraUserData": {
    "_FixedCameraInfoList": [
      {
        "_CameraPosition": [
          -1494.142,
          0.8177743,
          -1513.774
        ],
        "_LookAtPosition": [
          -1493.376,
          0.7173362,
          -1511.929
        ]
      },
      {
        "_CameraPosition": [
          -1491.715,
          1.693949,
          -1519.731
        ],
        "_LookAtPosition": [
          -1490.89,
          1.521896,
          -1521.545
        ]
      }
    ]
  }
}