{
  "snow.npc.userdata.NpcTransformUserData": {
    "_TransformArray": [
      {
        "_Position": [
          510.2197,
          2.006444,
          508.7608
        ],
        "_Rotation": [
          0.0,
          0.8995079,
          0.0,
          0.4369045
        ]
      },
      {
        "_Position": [
          509.7446,
          2.014979,
          508.667
        ],
        "_Rotation": [
          0.0,
          0.9396927,
          0.0,
          0.3420201
        ]
      }
    ]
  }
}