{
  "snow.npc.userdata.NpcTransformUserData": {
    "_TransformArray": [
      {
        "_Position": [
          493.705,
          4.600001,
          473.539
        ],
        "_Rotation": [
          0.0,
          0.4084758,
          0.0,
          0.9127691
        ]
      },
      {
        "_Position": [
          493.6721,
          4.600002,
          475.2442
        ],
        "_Rotation": [
          0.0,
          0.7401605,
          0.0,
          0.6724303
        ]
      }
    ]
  }
}