{
  "snow.npc.userdata.NpcTransformUserData": {
    "_TransformArray": [
      {
        "_Position": [
          458.7704,
          7.37993,
          496.2614
        ],
        "_Rotation": [
          -8.82365e-10,
          0.9804205,
          -2.97983e-10,
          0.1969156
        ]
      },
      {
        "_Position": [
          461.7948,
          7.405385,
          495.1182
        ],
        "_Rotation": [
          0.0,
          0.9986704,
          0.0,
          -0.05155049
        ]
      },
      {
        "_Position": [
          448.4104,
          9.585458,
          483.5812
        ],
        "_Rotation": [
          1.820633e-10,
          -0.101648,
          9.13353e-10,
          0.9948204
        ]
      },
      {
        "_Position": [
          480.0136,
          16.53176,
          469.9816
        ],
        "_Rotation": [
          -2.981133e-10,
          0.6864303,
          8.823209e-10,
          0.7271956
        ]
      }
    ]
  }
}