{
  "snow.npc.userdata.NpcTransformUserData": {
    "_TransformArray": [
      {
        "_Position": [
          525.3226,
          2.01438,
          512.7952
        ],
        "_Rotation": [
          1.529151e-11,
          0.9738677,
          2.323279e-10,
          0.2271162
        ]
      }
    ]
  }
}