{
  "snow.npc.userdata.NpcTransformUserData": {
    "_TransformArray": [
      {
        "_Position": [
          493.8213,
          3.269303,
          497.3284
        ],
        "_Rotation": [
          0.0,
          0.8480481,
          0.0,
          0.5299192
        ]
      }
    ]
  }
}