{
  "snow.npc.userdata.NpcTransformUserData": {
    "_TransformArray": [
      {
        "_Position": [
          -1554.931,
          -14.27856,
          -1468.66
        ],
        "_Rotation": [
          0.0,
          0.5874918,
          0.0,
          0.8092301
        ]
      }
    ]
  }
}