{
  "snow.npc.userdata.NpcTransformUserData": {
    "_TransformArray": [
      {
        "_Position": [
          1499.802,
          4.274195,
          -1515.619
        ],
        "_Rotation": [
          0.0,
          0.08715575,
          0.0,
          0.9961947
        ]
      }
    ]
  }
}