{
  "snow.npc.userdata.NpcTransformUserData": {
    "_TransformArray": [
      {
        "_Position": [
          458.3241,
          9.405753,
          485.6269
        ],
        "_Rotation": [
          0.0,
          0.9063078,
          0.0,
          -0.4226182
        ]
      },
      {
        "_Position": [
          457.9917,
          9.386147,
          485.6772
        ],
        "_Rotation": [
          0.0,
          0.9063078,
          0.0,
          -0.4226182
        ]
      }
    ]
  }
}