{
  "snow.stage.props.PropsTargetPointUserData": {
    "_PointList": [
      {
        "_Offset": [
          -4.0,
          3.0,
          0.0
        ],
        "_Radius": 2.0,
        "_RefMatrix": [
          -1.192093e-7,
          0.0,
          -0.9999999,
          0.0,
          0.0,
          1.0,
          0.0,
          0.0,
          0.9999999,
          0.0,
          -1.192093e-7,
          0.0,
          207.9209,
          0.05949402,
          -0.6293898,
          1.0
        ]
      },
      {
        "_Offset": [
          0.0,
          3.0,
          0.0
        ],
        "_Radius": 2.0,
        "_RefMatrix": [
          -1.192093e-7,
          0.0,
          -0.9999999,
          0.0,
          0.0,
          1.0,
          0.0,
          0.0,
          0.9999999,
          0.0,
          -1.192093e-7,
          0.0,
          207.9209,
          0.05949402,
          -0.6293898,
          1.0
        ]
      },
      {
        "_Offset": [
          4.0,
          3.0,
          0.0
        ],
        "_Radius": 2.0,
        "_RefMatrix": [
          -1.192093e-7,
          0.0,
          -0.9999999,
          0.0,
          0.0,
          1.0,
          0.0,
          0.0,
          0.9999999,
          0.0,
          -1.192093e-7,
          0.0,
          207.9209,
          0.05949402,
          -0.6293898,
          1.0
        ]
      }
    ]
  }
}