{
  "snow.EnemyCommonPosSetData": {
    "_MapNo": 2,
    "_PosInfoList": [
      {
        "_BlockNo": 5,
        "_UniqueID": 0,
        "_Pos": [
          173.1849,
          -59.94822,
          -327.1103
        ],
        "_PosType": 0,
        "_Angle": -24.0001
      },
      {
        "_BlockNo": 5,
        "_UniqueID": 0,
        "_Pos": [
          153.9065,
          -59.94822,
          -285.5341
        ],
        "_PosType": 0,
        "_Angle": 155.9998
      },
      {
        "_BlockNo": 7,
        "_UniqueID": 0,
        "_Pos": [
          -188.5768,
          -64.59209,
          -302.9714
        ],
        "_PosType": 0,
        "_Angle": 95.9997
      },
      {
        "_BlockNo": 7,
        "_UniqueID": 0,
        "_Pos": [
          -131.3371,
          -64.72123,
          -312.1511
        ],
        "_PosType": 0,
        "_Angle": -84.0004
      }
    ]
  }
}