{
  "snow.npc.userdata.NpcTransformUserData": {
    "_TransformArray": [
      {
        "_Position": [
          -1493.8,
          0.1,
          -1523.8
        ],
        "_Rotation": [
          0.0,
          0.7071068,
          0.0,
          0.7071068
        ]
      },
      {
        "_Position": [
          -1493.8,
          0.1289323,
          -1523.8
        ],
        "_Rotation": [
          0.0,
          0.9396927,
          0.0,
          -0.3420201
        ]
      }
    ]
  }
}