{
  "snow.npc.userdata.NpcTransformUserData": {
    "_TransformArray": [
      {
        "_Position": [
          461.8074,
          7.2161,
          503.6074
        ],
        "_Rotation": [
          0.0,
          0.9825038,
          0.0,
          -0.1862427
        ]
      }
    ]
  }
}