{
  "snow.npc.userdata.NpcFixedCameraUserData": {
    "_FixedCameraInfoList": [
      {
        "_CameraPosition": [
          176.2422,
          85.90142,
          103.6288
        ],
        "_LookAtPosition": [
          176.3918,
          85.63142,
          101.6528
        ]
      }
    ]
  }
}