{
  "ace.retarget.user_data.FeatureParameter": {
    "_FeatureData": [
      {
        "_Type": 8,
        "_Feature": {
          "_ShoulderRot": {
            "Offset": [
              -0.1736416,
              -0.001515345,
              -0.008593944,
              0.9847702
            ],
            "Scale": [
              1.0,
              1.0,
              1.0
            ]
          },
          "_UpperArmRot": {
            "Offset": [
              0.001365132,
              -0.1564284,
              -0.008619092,
              0.9876508
            ],
            "Scale": [
              1.0,
              1.0,
              1.0
            ]
          },
          "_ForeArmRot": {
            "Offset": [
              0.0,
              0.190809,
              0.0,
              0.9816272
            ],
            "Scale": [
              1.0,
              1.0,
              1.0
            ]
          },
          "_HandRotOffset": [
            0.0,
            0.0,
            0.0,
            1.0
          ],
          "_ElbowAimRot": 0.0
        }
      }
    ]
  }
}