{
  "ace.retarget.user_data.FeatureParameter": {
    "_FeatureData": [
      {
        "_Type": 8,
        "_Feature": {
          "_ShoulderRot": {
            "Offset": [
              0.02585538,
              -0.1349311,
              0.1349311,
              0.9812843
            ],
            "Scale": [
              0.5,
              1.0,
              1.0
            ]
          },
          "_UpperArmRot": {
            "Offset": [
              -0.02357731,
              0.2191221,
              0.09441387,
              0.9708325
            ],
            "Scale": [
              0.5,
              1.0,
              1.0
            ]
          },
          "_ForeArmRot": {
            "Offset": [
              -0.02255757,
              0.084186,
              -0.2578343,
              0.9622502
            ],
            "Scale": [
              0.5,
              1.0,
              1.0
            ]
          },
          "_HandRotOffset": [
            0.0,
            0.0,
            0.0,
            1.0
          ],
          "_ElbowAimRot": -10.0
        }
      }
    ]
  }
}