{
  "snow.npc.userdata.NpcTransformUserData": {
    "_TransformArray": [
      {
        "_Position": [
          524.4324,
          2.016617,
          524.1818
        ],
        "_Rotation": [
          0.0,
          -0.258819,
          0.0,
          0.9659258
        ]
      }
    ]
  }
}