{
  "snow.npc.userdata.NpcTransformUserData": {
    "_TransformArray": [
      {
        "_Position": [
          511.1005,
          4.599993,
          463.0348
        ],
        "_Rotation": [
          0.0,
          0.4875189,
          0.0,
          0.8731124
        ]
      },
      {
        "_Position": [
          511.1076,
          4.599995,
          463.0812
        ],
        "_Rotation": [
          0.0,
          0.4132687,
          0.0,
          0.9106091
        ]
      }
    ]
  }
}