{
  "snow.npc.userdata.NpcTransformUserData": {
    "_TransformArray": [
      {
        "_Position": [
          485.3804,
          1.319657,
          516.3954
        ],
        "_Rotation": [
          0.0,
          -0.7968374,
          0.0,
          0.6041938
        ]
      },
      {
        "_Position": [
          509.6609,
          5.272726,
          529.1931
        ],
        "_Rotation": [
          -0.01114705,
          -0.1239028,
          0.0008401448,
          0.9922314
        ]
      }
    ]
  }
}