{
  "snow.npc.userdata.NpcTransformUserData": {
    "_TransformArray": [
      {
        "_Position": [
          -1524.891,
          -0.2214414,
          -1513.513
        ],
        "_Rotation": [
          0.0,
          0.9851002,
          0.0,
          -0.1719815
        ]
      },
      {
        "_Position": [
          -1524.916,
          -0.2214414,
          -1513.581
        ],
        "_Rotation": [
          0.0,
          0.9851002,
          0.0,
          -0.1719815
        ]
      },
      {
        "_Position": [
          -1524.931,
          -0.2194728,
          -1513.624
        ],
        "_Rotation": [
          0.0,
          0.9851002,
          0.0,
          -0.1719815
        ]
      }
    ]
  }
}