{
  "snow.npc.userdata.NpcTransformUserData": {
    "_TransformArray": [
      {
        "_Position": [
          468.5636,
          7.202861,
          514.4604
        ],
        "_Rotation": [
          0.0,
          0.5618677,
          0.0,
          0.8272271
        ]
      }
    ]
  }
}