{
  "snow.stage.props.PropsTargetPointUserData": {
    "_PointList": [
      {
        "_Offset": [
          0.0,
          2.0,
          2.5
        ],
        "_Radius": 2.0,
        "_RefMatrix": [
          -1.192093e-7,
          0.0,
          0.9999999,
          0.0,
          0.0,
          1.0,
          0.0,
          0.0,
          -0.9999999,
          0.0,
          -1.192093e-7,
          0.0,
          455.2462,
          -0.2721176,
          -48.27509,
          1.0
        ]
      },
      {
        "_Offset": [
          -5.0,
          2.0,
          2.5
        ],
        "_Radius": 2.0,
        "_RefMatrix": [
          -1.192093e-7,
          0.0,
          0.9999999,
          0.0,
          0.0,
          1.0,
          0.0,
          0.0,
          -0.9999999,
          0.0,
          -1.192093e-7,
          0.0,
          455.2462,
          -0.2721176,
          -48.27509,
          1.0
        ]
      },
      {
        "_Offset": [
          5.0,
          2.0,
          2.5
        ],
        "_Radius": 2.0,
        "_RefMatrix": [
          -1.192093e-7,
          0.0,
          0.9999999,
          0.0,
          0.0,
          1.0,
          0.0,
          0.0,
          -0.9999999,
          0.0,
          -1.192093e-7,
          0.0,
          455.2462,
          -0.2721176,
          -48.27509,
          1.0
        ]
      }
    ]
  }
}