{
  "snow.npc.userdata.NpcTransformUserData": {
    "_TransformArray": [
      {
        "_Position": [
          -5.007259,
          49.91932,
          38.99502
        ],
        "_Rotation": [
          0.0,
          0.2869034,
          0.0,
          0.9579595
        ]
      },
      {
        "_Position": [
          -3.128544,
          -0.03349644,
          -14.8339
        ],
        "_Rotation": [
          0.0,
          0.2869033,
          0.0,
          0.9579595
        ]
      },
      {
        "_Position": [
          -31.18738,
          50.92181,
          12.24397
        ],
        "_Rotation": [
          0.0,
          0.7759678,
          0.0,
          0.6307726
        ]
      }
    ]
  }
}