{
  "snow.npc.userdata.NpcTransformUserData": {
    "_TransformArray": [
      {
        "_Position": [
          -1504.0,
          3.04,
          -1528.7
        ],
        "_Rotation": [
          0.0,
          0.7071066,
          0.0,
          0.7071069
        ]
      },
      {
        "_Position": [
          -1505.75,
          3.59,
          -1528.7
        ],
        "_Rotation": [
          0.0,
          0.7071066,
          0.0,
          0.7071069
        ]
      }
    ]
  }
}