{
  "snow.npc.userdata.NpcTransformUserData": {
    "_TransformArray": [
      {
        "_Position": [
          -1500.436,
          0.6070466,
          -1471.506
        ],
        "_Rotation": [
          0.0,
          0.4226183,
          0.0,
          0.9063078
        ]
      },
      {
        "_Position": [
          9900.0,
          9900.0,
          9900.0
        ],
        "_Rotation": [
          -1.455191e-11,
          -1.893266e-29,
          -1.301043e-18,
          1.0
        ]
      }
    ]
  }
}