{
  "snow.npc.userdata.NpcTransformUserData": {
    "_TransformArray": [
      {
        "_Position": [
          461.0094,
          8.334337,
          503.5858
        ],
        "_Rotation": [
          0.0,
          0.9926623,
          0.0,
          0.1209199
        ]
      }
    ]
  }
}