{
  "snow.data.OtomoReconSpotUserData": {
    "_SpotDataList": [
      {
        "_MapNo": 1,
        "_IsInitialRelease": true,
        "_SpotIndex": 1,
        "_HunterPoints": [
          [
            157.4903,
            259.3203,
            -256.7583
          ],
          [
            157.4903,
            259.2891,
            -257.7583
          ],
          [
            156.4903,
            259.3353,
            -257.7583
          ],
          [
            156.4903,
            259.3134,
            -256.7583
          ]
        ],
        "_OtomoPoint": [
          160.4903,
          259.1669,
          -256.7583
        ],
        "_FloorType": 0,
        "_OtomoDefaultRotateY": 2.11479,
        "_BGOtomoPoint": [
          0.4928107,
          -4.928993e-8,
          -0.8701365,
          0.0,
          -4.527827e-9,
          1.0,
          -5.921059e-8,
          0.0,
          0.8701365,
          3.311945e-8,
          0.4928107,
          0.0,
          -101.7662,
          330.9563,
          -220.7271,
          1.0
        ]
      },
      {
        "_MapNo": 1,
        "_IsInitialRelease": true,
        "_SpotIndex": 2,
        "_HunterPoints": [
          [
            160.716,
            194.6915,
            -600.4662
          ],
          [
            160.716,
            194.7019,
            -601.4662
          ],
          [
            159.716,
            194.7157,
            -601.4662
          ],
          [
            159.716,
            194.445,
            -600.4662
          ]
        ],
        "_OtomoPoint": [
          163.716,
          194.9592,
          -600.4662
        ],
        "_FloorType": 0,
        "_OtomoDefaultRotateY": 0.9828302,
        "_BGOtomoPoint": [
          0.8677725,
          0.0,
          0.4969616,
          0.0,
          0.0,
          1.0,
          0.0,
          0.0,
          -0.4969616,
          0.0,
          0.8677725,
          0.0,
          103.4054,
          366.6411,
          -813.1266,
          1.0
        ]
      },
      {
        "_MapNo": 2,
        "_IsInitialRelease": true,
        "_SpotIndex": 1,
        "_HunterPoints": [
          [
            14.6983,
            -89.31939,
            -586.6941
          ],
          [
            13.6983,
            -89.55863,
            -586.6941
          ],
          [
            13.6983,
            -89.41412,
            -586.6941
          ],
          [
            14.6983,
            -89.44955,
            -585.6941
          ]
        ],
        "_OtomoPoint": [
          14.69827,
          -89.0294,
          -589.6941
        ],
        "_FloorType": 0,
        "_OtomoDefaultRotateY": 1.192579,
        "_BGOtomoPoint": [
          0.7400332,
          0.0,
          0.6725703,
          0.0,
          0.0,
          1.0,
          0.0,
          0.0,
          -0.6725703,
          0.0,
          0.7400332,
          0.0,
          162.4992,
          64.04411,
          -923.327,
          1.0
        ]
      },
      {
        "_MapNo": 2,
        "_IsInitialRelease": true,
        "_SpotIndex": 2,
        "_HunterPoints": [
          [
            96.1879,
            -39.09532,
            -332.8069
          ],
          [
            97.1879,
            -39.15024,
            -333.8069
          ],
          [
            97.1879,
            -39.12908,
            -332.8069
          ],
          [
            96.1879,
            -39.09167,
            -333.8069
          ]
        ],
        "_OtomoPoint": [
          96.18791,
          -39.18446,
          -329.8069
        ],
        "_FloorType": 0,
        "_OtomoDefaultRotateY": 1.093997,
        "_BGOtomoPoint": [
          -0.8899599,
          -7.780276e-8,
          0.4560389,
          0.0,
          -1.27291e-7,
          1.0,
          -7.780276e-8,
          0.0,
          -0.4560389,
          -1.27291e-7,
          -0.8899599,
          0.0,
          486.9411,
          209.1023,
          -327.7076,
          1.0
        ]
      },
      {
        "_MapNo": 3,
        "_IsInitialRelease": true,
        "_SpotIndex": 1,
        "_HunterPoints": [
          [
            292.6057,
            83.14157,
            285.787
          ],
          [
            292.6057,
            83.53063,
            286.787
          ],
          [
            293.6057,
            83.43867,
            286.787
          ],
          [
            293.6057,
            83.47707,
            285.787
          ]
        ],
        "_OtomoPoint": [
          289.6057,
          83.5983,
          285.787
        ],
        "_FloorType": 0,
        "_OtomoDefaultRotateY": 2.414777,
        "_BGOtomoPoint": [
          -0.872406,
          -1.317296e-7,
          -0.4887819,
          0.0,
          -7.719179e-8,
          1.0,
          -1.317296e-7,
          0.0,
          0.4887819,
          -7.719179e-8,
          -0.872406,
          0.0,
          415.8624,
          362.9949,
          646.5015,
          1.0
        ]
      },
      {
        "_MapNo": 3,
        "_IsInitialRelease": true,
        "_SpotIndex": 2,
        "_HunterPoints": [
          [
            39.6315,
            122.8269,
            37.513
          ],
          [
            39.6315,
            122.8269,
            36.513
          ],
          [
            38.6315,
            122.8269,
            36.513
          ],
          [
            38.6315,
            122.8272,
            37.513
          ]
        ],
        "_OtomoPoint": [
          42.63148,
          122.8269,
          37.51302
        ],
        "_FloorType": 0,
        "_OtomoDefaultRotateY": 1.713634,
        "_BGOtomoPoint": [
          -0.1423526,
          0.0,
          -0.9898161,
          0.0,
          0.0,
          1.0,
          0.0,
          0.0,
          0.9898161,
          0.0,
          -0.1423526,
          0.0,
          -55.3212,
          252.9426,
          106.8333,
          1.0
        ]
      },
      {
        "_MapNo": 4,
        "_IsInitialRelease": true,
        "_SpotIndex": 1,
        "_HunterPoints": [
          [
            94.233,
            15.52204,
            -346.3777
          ],
          [
            95.233,
            15.49273,
            -345.3777
          ],
          [
            94.233,
            15.57382,
            -345.3777
          ],
          [
            95.233,
            15.51465,
            -346.3777
          ]
        ],
        "_OtomoPoint": [
          91.23303,
          15.76634,
          -346.3777
        ],
        "_FloorType": 0,
        "_OtomoDefaultRotateY": 0.1338265,
        "_BGOtomoPoint": [
          -0.9184296,
          -8.029166e-8,
          0.3955846,
          0.0,
          -1.220059e-7,
          1.0,
          -8.029166e-8,
          0.0,
          -0.3955846,
          -1.220059e-7,
          -0.9184296,
          0.0,
          361.9718,
          211.1297,
          -166.9648,
          1.0
        ]
      },
      {
        "_MapNo": 4,
        "_IsInitialRelease": false,
        "_SpotIndex": 2,
        "_HunterPoints": [
          [
            -142.8335,
            84.26045,
            -609.3233
          ],
          [
            -141.8335,
            83.99723,
            -610.3233
          ],
          [
            -141.8335,
            83.95193,
            -609.3233
          ],
          [
            -142.8335,
            84.36429,
            -610.3233
          ]
        ],
        "_OtomoPoint": [
          -142.8335,
          84.32618,
          -606.3233
        ],
        "_FloorType": 0,
        "_OtomoDefaultRotateY": 1.834243,