{
  "snow.npc.userdata.NpcTransformUserData": {
    "_TransformArray": [
      {
        "_Position": [
          -1469.029,
          -1.671522,
          -1514.721
        ],
        "_Rotation": [
          0.0,
          0.9961947,
          0.0,
          -0.08715568
        ]
      },
      {
        "_Position": [
          -1474.681,
          -0.1594141,
          -1533.028
        ],
        "_Rotation": [
          0.0,
          0.9897798,
          0.0,
          -0.1426038
        ]
      }
    ]
  }
}