{
  "ace.retarget.user_data.FeatureParameter": {
    "_FeatureData": [
      {
        "_Type": 9,
        "_Feature": {
          "_ShoulderRot": {
            "Offset": [
              -0.007997454,
              0.069432355,
              -0.051904067,
              0.99620336
            ],
            "Scale": [
              0.4,
              1.0,
              1.0
            ]
          },
          "_UpperArmRot": {
            "Offset": [
              0.019874671,
              0.09534356,
              0.024380285,
              0.9949473
            ],
            "Scale": [
              0.4,
              1.0,
              1.0
            ]
          },
          "_ForeArmRot": {
            "Offset": [
              0.0,
              0.16504762,
              0.0,
              0.98628557
            ],
            "Scale": [
              1.0,
              0.6,
              1.0
            ]
          },
          "_HandRotOffset": [
            0.0,
            0.0,
            0.0,
            1.0
          ],
          "_ElbowAimRot": 5.0
        }
      }
    ]
  }
}