{
  "ace.retarget.user_data.FeatureParameter": {
    "_FeatureData": [
      {
        "_Type": 8,
        "_Feature": {
          "_ShoulderRot": {
            "Offset": [
              0.0,
              0.0,
              -0.04361939,
              0.9990482
            ],
            "Scale": [
              1.0,
              1.0,
              1.0
            ]
          },
          "_UpperArmRot": {
            "Offset": [
              0.0,
              0.0,
              0.04361939,
              0.9990482
            ],
            "Scale": [
              1.0,
              1.0,
              1.0
            ]
          },
          "_ForeArmRot": {
            "Offset": [
              0.0,
              0.0,
              0.0,
              1.0
            ],
            "Scale": [
              1.0,
              1.0,
              1.0
            ]
          },
          "_HandRotOffset": [
            -0.08715575,
            0.0,
            0.0,
            0.9961947
          ],
          "_ElbowAimRot": -10.0
        }
      },
      {
        "_Type": 9,
        "_Feature": {
          "_ShoulderRot": {
            "Offset": [
              0.0,
              0.0,
              0.04361939,
              0.9990482
            ],
            "Scale": [
              1.0,
              1.0,
              1.0
            ]
          },
          "_UpperArmRot": {
            "Offset": [
              0.0,
              0.0,
              -0.04361939,
              0.9990482
            ],
            "Scale": [
              1.0,
              1.0,
              1.0
            ]
          },
          "_ForeArmRot": {
            "Offset": [
              0.0,
              0.0,
              0.0,
              1.0
            ],
            "Scale": [
              1.0,
              1.0,
              1.0
            ]
          },
          "_HandRotOffset": [
            0.08715575,
            0.0,
            0.0,
            0.9961947
          ],
          "_ElbowAimRot": 10.0
        }
      },
      {
        "_Type": 7,
        "_Feature": {
          "_Position": {
            "Offset": [
              0.01,
              0.0,
              0.0
            ],
            "Scale": [
              1.0,
              1.0,
              1.0
            ]
          },
          "_Rotation": {
            "Offset": [
              0.0,
              0.04361939,
              0.0,
              0.9990482
            ],
            "Scale": [
              1.0,
              1.0,
              1.0
            ]
          },
          "_KneeAimRot": 5.0
        }
      },
      {
        "_Type": 6,
        "_Feature": {
          "_Position": {
            "Offset": [
              -0.01,
              0.0,
              0.0
            ],
            "Scale": [
              1.0,
              1.0,
              1.0
            ]
          },
          "_Rotation": {
            "Offset": [
              0.0,
              -0.04361939,
              0.0,
              0.9990482
            ],
            "Scale": [
              1.0,
              1.0,
              1.0
            ]
          },
          "_KneeAimRot": -5.0
        }
      },
      {
        "_Type": 5,
        "_Feature": {
          "_Rotation": {
            "Offset": [
              0.0,
              0.0,
              0.0,
              1.0
            ],
            "Scale": [
              1.0,
              1.0,
              1.0
            ]
          }
        }
      },
      {
        "_Type": 4,
        "_Feature": {
          "_Rotation": {
            "Offset": [
              0.0,
              0.0,
              0.0,
              1.0
            ],
            "Scale": [
              1.0,
              1.0,
              1.0
            ]
          }
        }
      },
      {
        "_Type": 3,
        "_Feature": {
          "_Rotation": {
            "Offset": [
              0.0,
              0.0,
              0.0,
              1.0
            ],
            "Scale": [
              1.0,
              1.0,
              1.0
            ]
          }
        }
      },
      {
        "_Type": 2,
        "_Feature": {
          "_Rotation": {
            "Offset": [
              0.0,
              0.0,
              0.0,
              1.0
            ],
            "Scale": [
              1.0,
              1.0,
              2.0
            ]
          }
        }
      }
    ]
  }
}