{
  "ace.retarget.user_data.FeatureParameter": {
    "_FeatureData": [
      {
        "_Type": 3,
        "_Feature": {
          "_Rotation": {
            "Offset": [
              0.0,
              0.08715575,
              0.0,
              0.9961947
            ],
            "Scale": [
              1.0,
              1.0,
              1.0
            ]
          }
        }
      },
      {
        "_Type": 4,
        "_Feature": {
          "_Rotation": {
            "Offset": [
              -0.2801409,
              -0.12092234,
              0.120922394,
              0.9446039
            ],
            "Scale": [
              1.0,
              1.0,
              1.0
            ]
          }
        }
      },
      {
        "_Type": 5,
        "_Feature": {
          "_Rotation": {
            "Offset": [
              -0.0,
              -0.25881904,
              0.0,
              0.9659258
            ],
            "Scale": [
              1.0,
              1.0,
              1.0
            ]
          }
        }
      },
      {
        "_Type": 2,
        "_Feature": {
          "_Rotation": {
            "Offset": [
              -0.1736482,
              0.0,
              0.0,
              0.9848077
            ],
            "Scale": [
              1.0,
              1.0,
              1.0
            ]
          }
        }
      }
    ]
  }
}