{
  "ace.retarget.user_data.FeatureParameter": {
    "_FeatureData": [
      {
        "_Type": 4,
        "_Feature": {
          "_Rotation": {
            "Offset": [
              1.4950176e-8,
              0.34202015,
              4.1075268e-8,
              0.9396926
            ],
            "Scale": [
              1.0,
              1.0,
              1.0
            ]
          }
        }
      },
      {
        "_Type": 5,
        "_Feature": {
          "_Rotation": {
            "Offset": [
              0.16317591,
              0.3368241,
              -0.05939118,
              0.9254166
            ],
            "Scale": [
              1.0,
              1.0,
              1.0
            ]
          }
        }
      },
      {
        "_Type": 8,
        "_Feature": {
          "_ShoulderRot": {
            "Offset": [
              0.0,
              0.0,
              0.0,
              1.0
            ],
            "Scale": [
              1.0,
              1.0,
              1.0
            ]
          },
          "_UpperArmRot": {
            "Offset": [
              0.0,
              0.1736482,
              0.0,
              0.9848077
            ],
            "Scale": [
              1.0,
              1.0,
              1.0
            ]
          },
          "_ForeArmRot": {
            "Offset": [
              0.0,
              0.0,
              0.0,
              1.0
            ],
            "Scale": [
              1.0,
              1.0,
              1.0
            ]
          },
          "_HandRotOffset": [
            0.17860623,
            -0.38302225,
            -0.38302225,
            0.8213938
          ],
          "_ElbowAimRot": 0.0
        }
      }
    ]
  }
}