{
  "snow.npc.userdata.NpcTransformUserData": {
    "_TransformArray": [
      {
        "_Position": [
          509.1733,
          2.623518,
          498.9933
        ],
        "_Rotation": [
          -1.682957e-10,
          0.6910317,
          1.608934e-10,
          0.7228245
        ]
      }
    ]
  }
}