{
  "app.user_data.MeshConstraintUserData": {
    "ConstraintDataList": [
      {
        "ResultData": {
          "v0_LocalPosition": [
            -4.643271e-8,
            1.56766,
            2.093804
          ],
          "v1_LocalNormal": [
            -0.5697857,
            0.4886185,
            -0.6607543
          ],
          "v2_JointElement": [
            262322,
            196652,
            327709,
            131076
          ],
          "v3_BlendShapeValue": [],
          "v4_PartId": 0
        },
        "_ID": 0,
        "_Offset": [
          1.0,
          0.0,
          0.0,
          0.0,
          0.0,
          1.0,
          0.0,
          0.0,
          0.0,
          0.0,
          1.0,
          0.0,
          0.0,
          0.0,
          0.0,
          1.0
        ],
        "_IsEnableData": true
      },
      {
        "ResultData": {
          "v0_LocalPosition": [
            -0.1542713,
            2.122216,
            1.234625
          ],
          "v1_LocalNormal": [
            -0.4002358,
            0.7478303,
            0.5296801
          ],
          "v2_JointElement": [
            131257,
            196678
          ],
          "v3_BlendShapeValue": [],
          "v4_PartId": 0
        },
        "_ID": 1,
        "_Offset": [
          1.0,
          0.0,
          0.0,
          0.0,
          0.0,
          1.0,
          0.0,
          0.0,
          0.0,
          0.0,
          1.0,
          0.0,
          0.0,
          0.0,
          0.0,
          1.0
        ],
        "_IsEnableData": true
      },
      {
        "ResultData": {
          "v0_LocalPosition": [
            0.1594093,
            2.449259,
            0.7852968
          ],
          "v1_LocalNormal": [
            0.574045,
            0.649148,
            0.4990782
          ],
          "v2_JointElement": [
            131326,
            196609
          ],
          "v3_BlendShapeValue": [],
          "v4_PartId": 0
        },
        "_ID": 2,
        "_Offset": [
          1.0,
          0.0,
          0.0,
          0.0,
          0.0,
          1.0,
          0.0,
          0.0,
          0.0,
          0.0,
          1.0,
          0.0,
          0.0,
          0.0,
          0.0,
          1.0
        ],
        "_IsEnableData": true
      },
      {
        "ResultData": {
          "v0_LocalPosition": [
            -0.2763571,
            2.909862,
            -0.1384685
          ],
          "v1_LocalNormal": [
            -0.2464189,
            0.8875036,
            0.3893778
          ],
          "v2_JointElement": [
            131198,
            65649,
            16
          ],
          "v3_BlendShapeValue": [],
          "v4_PartId": 0
        },
        "_ID": 3,
        "_Offset": [
          1.0,
          0.0,
          0.0,
          0.0,
          0.0,
          1.0,
          0.0,
          0.0,
          0.0,
          0.0,
          1.0,
          0.0,
          0.0,
          0.0,
          0.0,
          1.0
        ],
        "_IsEnableData": true
      },
      {
        "ResultData": {
          "v0_LocalPosition": [
            0.3744982,
            3.107916,
            -1.132743
          ],
          "v1_LocalNormal": [
            0.3595172,
            0.9080549,
            0.2149037
          ],
          "v2_JointElement": [
            222,
            6750231,
            65546
          ],
          "v3_BlendShapeValue": [],
          "v4_PartId": 0
        },
        "_ID": 4,
        "_Offset": [
          1.0,
          0.0,
          0.0,
          0.0,
          0.0,
          1.0,
          0.0,
          0.0,
          0.0,
          0.0,
          1.0,
          0.0,
          0.0,
          0.0,
          0.0,
          1.0
        ],
        "_IsEnableData": true
      },
      {
        "ResultData": {
          "v0_LocalPosition": [
            0.1044364,
            3.164892,
            -2.319995
          ],
          "v1_LocalNormal": [
            0.4676377,
            0.8679051,
            -0.167499
          ],
          "v2_JointElement": [
            6750418,
            44,
            6815745
          ],
          "v3_BlendShapeValue": [],
          "v4_PartId": 0
        },
        "_ID": 5,
        "_Offset": [
          1.0,
          0.0,
          0.0,
          0.0,
          0.0,
          1.0,
          0.0,
          0.0,
          0.0,
          0.0,
          1.0,
          0.0,
          0.0,
          0.0,
          0.0,
          1.0
        ],
        "_IsEnableData": true
      },
      {
        "ResultData": {
          "v0_LocalPosition": [
            -0.2440999,
            3.173583,
            -1.59533
          ],
          "v1_LocalNormal": [
            -0.6418012,
            0.7666447,
            0.01863257
          ],
          "v2_JointElement": [
            158,
            6750305
          ],
          "v3_BlendShapeValue": [],
          "v4_PartId": 0
        },
        "_ID": 6,
        "_Offset": [
          1.0,
          0.0,
          0.0,
          0.0,
          0.0,
          1.0,
          0.0,
          0.0,
          0.0,
          0.0,
          1.0,
          0.0,
          0.0,
          0.0,
          0.0,
          1.0
        ],
        "_IsEnableData": true
      },
      {
        "ResultData": {
          "v0_LocalPosition": [
            0.08089858,
            2.72045,
            -3.382603
          ],
          "v1_LocalNormal": [
            0.3892568,
            0.8842527,
            -0.2580241
          ],
          "v2_JointElement": [
            6815872,
            6881355,
            6750260
          ],
          "v3_BlendShapeValue": [],
          "v4_PartId": 0
        },
        "_ID": 7,
        "_Offset": [
          1.0,
          0.0,
          0.0,
          0.0,
          0.0,
          1.0,
          0.0,
          0.0,
          0.0,
          0.0,
          1.0,
          0.0,
          0.0,
          0.0,
          0.0,
          1.0
        ],
        "_IsEnableData": true
      },
      {
        "ResultData": {
          "v0_LocalPosition": [
            0.4361364,
            1.97732,
            -4.480314
          ],
          "v1_LocalNormal": [
            0.2400562,
            0.8106301,
            -0.5340897
          ],
          "v2_JointElement": [
            6881465,
            6946860,
            6815770
          ],
          "v3_BlendShapeValue": [],
          "v4_PartId": 0
        },
        "_ID": 8,
        "_Offset": [
          1.0,
          0.0,
          0.0,
          0.0,
          0.0,
          1.0,
          0.0,
          0.0,
          0.0,
          0.0,
          1.0,
          0.0,
          0.0,
          0.0,
          0.0,
          1.0
        ],
        "_IsEnableData": true
      },
      {
        "ResultData": {
          "v0_LocalPosition": [
            -0.2430958,
            1.796102,
            -4.78872
          ],
          "v1_LocalNormal": [
            -0.5502506,
            0.7191216,
            -0.4243684
          ],
          "v2_JointElement": [
            6946944,
            6881402,
            6815749
          ],
          "v3_BlendShapeValue": [],
          "v4_PartId": 0
        },
        "_ID": 9,
        "_Offset": [
          1.0,
          0.0,
          0.0,
          0.0,
          0.0,
          1.0,
          0.0,
          0.0,
          0.0,
          0.0,
          1.0,
          0.0,
          0.0,
          0.0,
          0.0,
          1.0
        ],
        "_IsEnableData": true
      },
      {
        "ResultData": {
          "v0_LocalPosition": [
            0.5871971,
            2.888615,
            -1.873133
          ],
          "v1_LocalNormal": [
            0.7558965,
            0.6533133,
            -0.04245405
          ],
          "v2_JointElement": [
            6750392,
            61,
            7667722
          ],