{
  "snow.npc.userdata.NpcTransformUserData": {
    "_TransformArray": [
      {
        "_Position": [
          -1530.074,
          -0.02190423,
          -1522.106
        ],
        "_Rotation": [
          0.0,
          0.8433915,
          0.0,
          0.5372996
        ]
      }
    ]
  }
}