{
  "app.user_data.MeshConstraintUserData": {
    "ConstraintDataList": [
      {
        "ResultData": {
          "v0_LocalPosition": [
            0.4474697,
            4.328634,
            5.063325
          ],
          "v1_LocalNormal": [
            0.56167173,
            0.79765534,
            0.21970606
          ],
          "v2_JointElement": [
            459007
          ],
          "v3_BlendShapeValue": [],
          "v4_PartId": 0
        },
        "_ID": 896886559,
        "_Offset": [
          1.0,
          0.0,
          0.0,
          0.0,
          0.0,
          1.0,
          0.0,
          0.0,
          0.0,
          0.0,
          1.0,
          0.0,
          0.0,
          0.0,
          0.0,
          1.0
        ],
        "_IsEnableData": true
      },
      {
        "ResultData": {
          "v0_LocalPosition": [
            -1.9928313,
            2.4099603,
            -0.58248997
          ],
          "v1_LocalNormal": [
            -0.7751924,
            0.54254985,
            -0.3235993
          ],
          "v2_JointElement": [
            6029431,
            5963884,
            6094876
          ],
          "v3_BlendShapeValue": [],
          "v4_PartId": 0
        },
        "_ID": 688958116,
        "_Offset": [
          1.0,
          0.0,
          0.0,
          0.0,
          0.0,
          1.0,
          0.0,
          0.0,
          0.0,
          0.0,
          1.0,
          0.0,
          0.0,
          0.0,
          0.0,
          1.0
        ],
        "_IsEnableData": true
      },
      {
        "ResultData": {
          "v0_LocalPosition": [
            1.9722893,
            2.4044378,
            -0.6544684
          ],
          "v1_LocalNormal": [
            0.66227466,
            0.710106,
            -0.23904328
          ],
          "v2_JointElement": [
            4784240,
            4849770,
            4915237
          ],
          "v3_BlendShapeValue": [],
          "v4_PartId": 0
        },
        "_ID": 1675427743,
        "_Offset": [
          1.0,
          0.0,
          0.0,
          0.0,
          0.0,
          1.0,
          0.0,
          0.0,
          0.0,
          0.0,
          1.0,
          0.0,
          0.0,
          0.0,
          0.0,
          1.0
        ],
        "_IsEnableData": true
      },
      {
        "ResultData": {
          "v0_LocalPosition": [
            -0.09954318,
            4.265251,
            -3.8268569
          ],
          "v1_LocalNormal": [
            -0.14863153,
            0.8937684,
            -0.42318633
          ],
          "v2_JointElement": [
            7274609,
            7340116,
            7405614,
            7208972
          ],
          "v3_BlendShapeValue": [],
          "v4_PartId": 0
        },
        "_ID": 1065917015,
        "_Offset": [
          1.0,
          0.0,
          0.0,
          0.0,
          0.0,
          1.0,
          0.0,
          0.0,
          0.0,
          0.0,
          1.0,
          0.0,
          0.0,
          0.0,
          0.0,
          1.0
        ],
        "_IsEnableData": true
      },
      {
        "ResultData": {
          "v0_LocalPosition": [
            -5.1475935,
            4.004245,
            1.7420324
          ],
          "v1_LocalNormal": [
            -0.28790104,
            0.83641845,
            -0.46638748
          ],
          "v2_JointElement": [
            3276934,
            3342431,
            3407897,
            3932161
          ],
          "v3_BlendShapeValue": [],
          "v4_PartId": 0
        },
        "_ID": 982614944,
        "_Offset": [
          1.0,
          0.0,
          0.0,
          0.0,
          0.0,
          1.0,
          0.0,
          0.0,
          0.0,
          0.0,
          1.0,
          0.0,
          0.0,
          0.0,
          0.0,
          1.0
        ],
        "_IsEnableData": true
      },
      {
        "ResultData": {
          "v0_LocalPosition": [
            5.1139984,
            4.0455904,
            1.8443055
          ],
          "v1_LocalNormal": [
            0.014559448,
            0.8810269,
            -0.47284204
          ],
          "v2_JointElement": [
            1572994,
            1638517,
            2097160
          ],
          "v3_BlendShapeValue": [],
          "v4_PartId": 0
        },
        "_ID": 1667317631,
        "_Offset": [
          1.0,
          0.0,
          0.0,
          0.0,
          0.0,
          1.0,
          0.0,
          0.0,
          0.0,
          0.0,
          1.0,
          0.0,
          0.0,
          0.0,
          0.0,
          1.0
        ],
        "_IsEnableData": true
      },
      {
        "ResultData": {
          "v0_LocalPosition": [
            -0.44953924,
            4.192248,
            4.8167143
          ],
          "v1_LocalNormal": [
            -0.9409066,
            0.12452104,
            -0.3149433
          ],
          "v2_JointElement": [
            459007
          ],
          "v3_BlendShapeValue": [],
          "v4_PartId": 0
        },
        "_ID": 1209015473,
        "_Offset": [
          1.0,
          0.0,
          0.0,
          0.0,
          0.0,
          1.0,
          0.0,
          0.0,
          0.0,
          0.0,
          1.0,
          0.0,
          0.0,
          0.0,
          0.0,
          1.0
        ],
        "_IsEnableData": true
      },
      {
        "ResultData": {
          "v0_LocalPosition": [
            0.43627742,
            4.311377,
            4.775474
          ],
          "v1_LocalNormal": [
            0.91325307,
            0.39340234,
            -0.105845965
          ],
          "v2_JointElement": [
            459007
          ],
          "v3_BlendShapeValue": [],
          "v4_PartId": 0
        },
        "_ID": 1006002018,
        "_Offset": [
          1.0,
          0.0,
          0.0,
          0.0,
          0.0,
          1.0,
          0.0,
          0.0,
          0.0,
          0.0,
          1.0,
          0.0,
          0.0,
          0.0,
          0.0,
          1.0
        ],
        "_IsEnableData": true
      },
      {
        "ResultData": {
          "v0_LocalPosition": [
            2.2102122,
            1.7267388,
            -0.8930116
          ],
          "v1_LocalNormal": [
            0.98576397,
            0.06784123,
            -0.15384059
          ],
          "v2_JointElement": [
            4915452,
            4980739
          ],
          "v3_BlendShapeValue": [],
          "v4_PartId": 0
        },
        "_ID": 738711146,
        "_Offset": [
          1.0,
          0.0,
          0.0,
          0.0,
          0.0,
          1.0,
          0.0,
          0.0,
          0.0,
          0.0,
          1.0,
          0.0,
          0.0,
          0.0,
          0.0,
          1.0
        ],
        "_IsEnableData": true
      },
      {
        "ResultData": {
          "v0_LocalPosition": [
            -2.2174566,
            1.7624929,
            -0.81333697
          ],
          "v1_LocalNormal": [
            -0.98718685,
            0.056968343,
            -0.14905283
          ],
          "v2_JointElement": [
            6095102,
            6160385
          ],
          "v3_BlendShapeValue": [],
          "v4_PartId": 0
        },
        "_ID": 1852491331,
        "_Offset": [
          1.0,
          0.0,
          0.0,
          0.0,
          0.0,
          1.0,
          0.0,
          0.0,
          0.0,
          0.0,
          1.0,
          0.0,
          0.0,
          0.0,
          0.0,
          1.0
        ],
        "_IsEnableData": true
      },
      {
        "ResultData": {
          "v0_LocalPosition": [
            -0.27873972,
            3.8832686,
            -6.824541
          ],
          "v1_LocalNormal": [
            -0.95449346,
            0.21663387,
            -0.20496807
          ],