{
  "snow.npc.userdata.NpcTransformUserData": {
    "_TransformArray": [
      {
        "_Position": [
          540.5464,
          2.016702,
          518.6972
        ],
        "_Rotation": [
          0.0,
          -0.5060337,
          0.0,
          0.8625137
        ]
      }
    ]
  }
}