{
  "ace.retarget.user_data.FeatureParameter": {
    "_FeatureData": [
      {
        "_Type": 8,
        "_Feature": {
          "_ShoulderRot": {
            "Offset": [
              0.0,
              0.0,
              0.0,
              1.0
            ],
            "Scale": [
              1.0,
              1.0,
              1.0
            ]
          },
          "_UpperArmRot": {
            "Offset": [
              -0.1300295,
              0.01137611,
              0.08641013,
              0.9876721
            ],
            "Scale": [
              1.0,
              1.0,
              1.0
            ]
          },
          "_ForeArmRot": {
            "Offset": [
              -0.08418598,
              -0.2578341,
              -0.02255761,
              0.9622502
            ],
            "Scale": [
              1.0,
              1.0,
              1.0
            ]
          },
          "_HandRotOffset": [
            1.862645e-9,
            0.0,
            0.0,
            1.0
          ],
          "_ElbowAimRot": 0.0
        }
      }
    ]
  }
}