{
  "snow.npc.userdata.NpcTransformUserData": {
    "_TransformArray": [
      {
        "_Position": [
          479.5132,
          29.42043,
          482.8513
        ],
        "_Rotation": [
          0.0,
          0.7462096,
          0.0,
          0.6657111
        ]
      },
      {
        "_Position": [
          479.6622,
          29.53022,
          482.91
        ],
        "_Rotation": [
          0.0,
          0.7462096,
          0.0,
          0.6657111
        ]
      },
      {
        "_Position": [
          504.2357,
          3.05753,
          489.062
        ],
        "_Rotation": [
          0.0,
          0.7462096,
          0.0,
          0.6657111
        ]
      }
    ]
  }
}