{
  "snow.npc.userdata.NpcTransformUserData": {
    "_TransformArray": [
      {
        "_Position": [
          501.9655,
          1.992,
          -1501.756
        ],
        "_Rotation": [
          0.0,
          -0.4496028,
          0.0,
          0.8932286
        ]
      }
    ]
  }
}