{
  "snow.npc.userdata.NpcTransformUserData": {
    "_TransformArray": [
      {
        "_Position": [
          468.7799,
          16.61936,
          507.4852
        ],
        "_Rotation": [
          -3.087754e-12,
          -0.5287855,
          -1.92371e-12,
          0.8487555
        ]
      }
    ]
  }
}