{
  "ace.retarget.user_data.FeatureParameter": {
    "_FeatureData": [
      {
        "_Type": 8,
        "_Feature": {
          "_ShoulderRot": {
            "Offset": [
              0.0,
              0.0,
              0.0,
              1.0
            ],
            "Scale": [
              1.0,
              1.0,
              1.0
            ]
          },
          "_UpperArmRot": {
            "Offset": [
              -0.04361939,
              0.0,
              0.0,
              0.9990482
            ],
            "Scale": [
              1.0,
              1.0,
              1.0
            ]
          },
          "_ForeArmRot": {
            "Offset": [
              1.02322e-10,
              0.04361939,
              2.343559e-9,
              0.9990482
            ],
            "Scale": [
              1.0,
              1.0,
              1.0
            ]
          },
          "_HandRotOffset": [
            0.0,
            -0.1305262,
            0.0,
            0.9914449
          ],
          "_ElbowAimRot": 0.0
        }
      }
    ]
  }
}