{
  "app.user_data.MeshConstraintUserData": {
    "ConstraintDataList": [
      {
        "ResultData": {
          "v0_LocalPosition": [
            -0.93437064,
            1.6236393,
            4.5269446
          ],
          "v1_LocalNormal": [
            -0.5637108,
            0.23243831,
            0.7925923
          ],
          "v2_JointElement": [
            852046,
            3735600,
            3801133,
            786474,
            4653089,
            917513
          ],
          "v3_BlendShapeValue": [],
          "v4_PartId": 4
        },
        "_ID": 0,
        "_Offset": [
          1.0,
          0.0,
          0.0,
          0.0,
          0.0,
          1.0,
          0.0,
          0.0,
          0.0,
          0.0,
          1.0,
          0.0,
          0.0,
          0.0,
          0.0,
          1.0
        ],
        "_IsEnableData": true
      },
      {
        "ResultData": {
          "v0_LocalPosition": [
            1.6140835,
            1.5958986,
            -0.41037747
          ],
          "v1_LocalNormal": [
            0.84344846,
            0.51837766,
            0.14099404
          ],
          "v2_JointElement": [
            14942431,
            16,
            13762576
          ],
          "v3_BlendShapeValue": [],
          "v4_PartId": 0
        },
        "_ID": 3,
        "_Offset": [
          1.0,
          0.0,
          0.0,
          0.0,
          0.0,
          1.0,
          0.0,
          0.0,
          0.0,
          0.0,
          1.0,
          0.0,
          0.0,
          0.0,
          0.0,
          1.0
        ],
        "_IsEnableData": true
      },
      {
        "ResultData": {
          "v0_LocalPosition": [
            -1.628921,
            1.545032,
            -0.33460152
          ],
          "v1_LocalNormal": [
            -0.8598966,
            0.4617814,
            0.217568
          ],
          "v2_JointElement": [
            16515288,
            15335442,
            15,
            131078
          ],
          "v3_BlendShapeValue": [],
          "v4_PartId": 0
        },
        "_ID": 4,
        "_Offset": [
          1.0,
          0.0,
          0.0,
          0.0,
          0.0,
          1.0,
          0.0,
          0.0,
          0.0,
          0.0,
          1.0,
          0.0,
          0.0,
          0.0,
          0.0,
          1.0
        ],
        "_IsEnableData": true
      },
      {
        "ResultData": {
          "v0_LocalPosition": [
            -1.9923158,
            1.5760586,
            2.4072108
          ],
          "v1_LocalNormal": [
            -0.82105935,
            0.5078163,
            0.26073787
          ],
          "v2_JointElement": [
            11337805,
            11403316,
            11468843,
            11272227,
            11534371,
            9568269
          ],
          "v3_BlendShapeValue": [],
          "v4_PartId": 2
        },
        "_ID": 5,
        "_Offset": [
          1.0,
          0.0,
          0.0,
          0.0,
          0.0,
          1.0,
          0.0,
          0.0,
          0.0,
          0.0,
          1.0,
          0.0,
          0.0,
          0.0,
          0.0,
          1.0
        ],
        "_IsEnableData": true
      },
      {
        "ResultData": {
          "v0_LocalPosition": [
            -1.2721686,
            1.0622852,
            4.0053105
          ],
          "v1_LocalNormal": [
            -0.6284662,
            0.5954186,
            0.5005065
          ],
          "v2_JointElement": [
            5242948,
            4653115,
            5177384,
            852003,
            3801117,
            786456
          ],
          "v3_BlendShapeValue": [],
          "v4_PartId": 6
        },
        "_ID": 6,
        "_Offset": [
          1.0,
          0.0,
          0.0,
          0.0,
          0.0,
          1.0,
          0.0,
          0.0,
          0.0,
          0.0,
          1.0,
          0.0,
          0.0,
          0.0,
          0.0,
          1.0
        ],
        "_IsEnableData": true
      },
      {
        "ResultData": {
          "v0_LocalPosition": [
            -0.42094994,
            0.76269835,
            5.3697486
          ],
          "v1_LocalNormal": [
            -0.8105623,
            0.45008913,
            0.37471133
          ],
          "v2_JointElement": [
            917744,
            851982,
            2359297
          ],
          "v3_BlendShapeValue": [],
          "v4_PartId": 13
        },
        "_ID": 7,
        "_Offset": [
          1.0,
          0.0,
          0.0,
          0.0,
          0.0,
          1.0,
          0.0,
          0.0,
          0.0,
          0.0,
          1.0,
          0.0,
          0.0,
          0.0,
          0.0,
          1.0
        ],
        "_IsEnableData": true
      },
      {
        "ResultData": {
          "v0_LocalPosition": [
            0.34542325,
            0.88894105,
            5.4080853
          ],
          "v1_LocalNormal": [
            0.8537844,
            0.32649767,
            0.40552622
          ],
          "v2_JointElement": [
            917731,
            851996
          ],
          "v3_BlendShapeValue": [],
          "v4_PartId": 13
        },
        "_ID": 8,
        "_Offset": [
          1.0,
          0.0,
          0.0,
          0.0,
          0.0,
          1.0,
          0.0,
          0.0,
          0.0,
          0.0,
          1.0,
          0.0,
          0.0,
          0.0,
          0.0,
          1.0
        ],
        "_IsEnableData": true
      },
      {
        "ResultData": {
          "v0_LocalPosition": [
            -1.6165831,
            1.6135358,
            -0.5319179
          ],
          "v1_LocalNormal": [
            -0.84385794,
            0.5331466,
            0.060484592
          ],
          "v2_JointElement": [
            16515298,
            15,
            15335438
          ],
          "v3_BlendShapeValue": [],
          "v4_PartId": 0
        },
        "_ID": 974363126,
        "_Offset": [
          1.0,
          0.0,
          0.0,
          0.0,
          0.0,
          1.0,
          0.0,
          0.0,
          0.0,
          0.0,
          1.0,
          0.0,
          0.0,
          0.0,
          0.0,
          1.0
        ],
        "_IsEnableData": true
      },
      {
        "ResultData": {
          "v0_LocalPosition": [
            1.5098376,
            1.6817195,
            -0.7870506
          ],
          "v1_LocalNormal": [
            0.72972834,
            0.6438768,
            -0.23004213
          ],
          "v2_JointElement": [
            14942440,
            16,
            13762567
          ],
          "v3_BlendShapeValue": [],
          "v4_PartId": 0
        },
        "_ID": 1789525148,
        "_Offset": [
          1.0,
          0.0,
          0.0,
          0.0,
          0.0,
          1.0,
          0.0,
          0.0,
          0.0,
          0.0,
          1.0,
          0.0,
          0.0,
          0.0,
          0.0,
          1.0
        ],
        "_IsEnableData": true
      },
      {
        "ResultData": {
          "v0_LocalPosition": [
            2.2583604,
            0.5256588,
            2.4608474
          ],
          "v1_LocalNormal": [
            0.72849727,
            0.6840689,
            -0.03662486
          ],
          "v2_JointElement": [
            6357127,
            7274581,
            7471137,
            6291458
          ],
          "v3_BlendShapeValue": [],
          "v4_PartId": 0
        },
        "_ID": 1903270027,
        "_Offset": [
          1.0,
          0.0,
          0.0,
          0.0,
          0.0,
          1.0,
          0.0,
          0.0,
          0.0,
          0.0,
          1.0,
          0.0,
          0.0,
          0.0,
          0.0,
          1.0
        ],