{
  "snow.npc.userdata.NpcTransformUserData": {
    "_TransformArray": [
      {
        "_Position": [
          -1505.068,
          0.4389811,
          -1523.974
        ],
        "_Rotation": [
          0.0,
          -0.1045285,
          0.0,
          0.9945219
        ]
      }
    ]
  }
}