{
  "snow.npc.userdata.NpcTransformUserData": {
    "_TransformArray": [
      {
        "_Position": [
          1509.63,
          -0.2849429,
          -1509.711
        ],
        "_Rotation": [
          0.0,
          -0.7071068,
          0.0,
          0.7071068
        ]
      }
    ]
  }
}