{
  "snow.npc.userdata.NpcTransformUserData": {
    "_TransformArray": [
      {
        "_Position": [
          1501.192,
          0.4222118,
          -1508.219
        ],
        "_Rotation": [
          0.0,
          0.7071068,
          0.0,
          0.7071068
        ]
      }
    ]
  }
}