{
  "snow.npc.userdata.NpcTransformUserData": {
    "_TransformArray": [
      {
        "_Position": [
          463.8414,
          7.37433,
          490.1636
        ],
        "_Rotation": [
          0.0,
          -0.7348223,
          0.0,
          0.6782597
        ]
      },
      {
        "_Position": [
          468.5256,
          7.2161,
          501.3023
        ],
        "_Rotation": [
          -6.467406e-12,
          0.8958102,
          1.303575e-11,
          0.4444368
        ]
      }
    ]
  }
}