{
  "snow.npc.userdata.NpcTransformUserData": {
    "_TransformArray": [
      {
        "_Position": [
          508.5237,
          5.201895,
          -1492.302
        ],
        "_Rotation": [
          0.0,
          0.9526326,
          0.0,
          -0.3041236
        ]
      },
      {
        "_Position": [
          508.5237,
          5.201895,
          -1492.302
        ],
        "_Rotation": [
          0.0,
          0.9773605,
          0.0,
          0.2115806
        ]
      }
    ]
  }
}