{
  "snow.npc.userdata.NpcTransformUserData": {
    "_TransformArray": [
      {
        "_Position": [
          -488.2851,
          5.386178,
          -456.7138
        ],
        "_Rotation": [
          0.0,
          0.8913389,
          0.0,
          0.4533375
        ]
      }
    ]
  }
}