{
  "snow.npc.userdata.NpcTransformUserData": {
    "_TransformArray": [
      {
        "_Position": [
          1514.142,
          0.1159837,
          -1511.842
        ],
        "_Rotation": [
          0.0,
          0.7071068,
          0.0,
          0.7071068
        ]
      }
    ]
  }
}