{
  "snow.npc.userdata.NpcTransformUserData": {
    "_TransformArray": [
      {
        "_Position": [
          1491.815,
          0.8182,
          -1505.238
        ],
        "_Rotation": [
          0.0,
          0.7071068,
          0.0,
          0.7071068
        ]
      }
    ]
  }
}