{
  "snow.npc.userdata.NpcFixedCameraUserData": {
    "_FixedCameraInfoList": [
      {
        "_CameraPosition": [
          1495.937,
          1.989769,
          -1503.563
        ],
        "_LookAtPosition": [
          1494.228,
          1.595818,
          -1504.525
        ]
      },
      {
        "_CameraPosition": [
          1497.0,
          1.839364,
          -1509.376
        ],
        "_LookAtPosition": [
          1495.011,
          1.861613,
          -1509.592
        ]
      },
      {
        "_CameraPosition": [
          1496.672,
          1.928678,
          -1511.518
        ],
        "_LookAtPosition": [
          1494.82,
          1.998483,
          -1512.269
        ]
      }
    ]
  }
}