{
  "snow.npc.userdata.NpcTransformUserData": {
    "_TransformArray": [
      {
        "_Position": [
          0.0,
          0.0,
          0.0
        ],
        "_Rotation": [
          0.0,
          0.0,
          0.0,
          1.0
        ]
      },
      {
        "_Position": [
          -1494.55,
          -0.4442561,
          -1511.4
        ],
        "_Rotation": [
          0.0,
          0.9063078,
          0.0,
          0.4226182
        ]
      },
      {
        "_Position": [
          -1491.37,
          -0.07364941,
          -1522.223
        ],
        "_Rotation": [
          0.0,
          0.872911,
          0.0,
          0.4878794
        ]
      },
      {
        "_Position": [
          -1526.007,
          -0.1673993,
          -1520.911
        ],
        "_Rotation": [
          0.0,
          0.9398648,
          0.0,
          0.3415469
        ]
      }
    ]
  }
}