{
  "snow.npc.userdata.NpcTransformUserData": {
    "_TransformArray": [
      {
        "_Position": [
          500.5617,
          2.01,
          530.7083
        ],
        "_Rotation": [
          0.0,
          -0.7459416,
          0.0,
          0.6660114
        ]
      }
    ]
  }
}