{
  "snow.npc.userdata.NpcTransformUserData": {
    "_TransformArray": [
      {
        "_Position": [
          1494.05,
          0.5620875,
          -1499.652
        ],
        "_Rotation": [
          0.0,
          0.4035864,
          0.0,
          0.9149415
        ]
      },
      {
        "_Position": [
          1494.448,
          0.5954188,
          -1500.044
        ],
        "_Rotation": [
          0.0,
          0.9278734,
          0.0,
          0.3728954
        ]
      }
    ]
  }
}