{
  "snow.npc.userdata.NpcTransformUserData": {
    "_TransformArray": [
      {
        "_Position": [
          495.7887,
          2.631366,
          -1494.416
        ],
        "_Rotation": [
          0.0,
          0.9474177,
          0.0,
          -0.3199994
        ]
      }
    ]
  }
}