{
  "snow.npc.userdata.NpcTransformUserData": {
    "_TransformArray": [
      {
        "_Position": [
          -1490.191,
          -0.6351154,
          -1510.526
        ],
        "_Rotation": [
          0.0,
          0.8999466,
          0.0,
          0.4360002
        ]
      }
    ]
  }
}