{
  "snow.stage.props.PropsTargetPointUserData": {
    "_PointList": [
      {
        "_Offset": [
          5.5,
          2.0,
          2.5
        ],
        "_Radius": 2.0,
        "_RefMatrix": [
          -1.192093e-7,
          0.0,
          1.0,
          0.0,
          0.0,
          1.0,
          0.0,
          0.0,
          -1.0,
          0.0,
          -1.192093e-7,
          0.0,
          605.0803,
          0.001454353,
          4.703465,
          1.0
        ]
      },
      {
        "_Offset": [
          0.0,
          2.0,
          2.5
        ],
        "_Radius": 2.0,
        "_RefMatrix": [
          -1.192093e-7,
          0.0,
          1.0,
          0.0,
          0.0,
          1.0,
          0.0,
          0.0,
          -1.0,
          0.0,
          -1.192093e-7,
          0.0,
          605.0803,
          0.001454353,
          4.703465,
          1.0
        ]
      },
      {
        "_Offset": [
          -5.5,
          2.0,
          2.5
        ],
        "_Radius": 2.0,
        "_RefMatrix": [
          -1.192093e-7,
          0.0,
          1.0,
          0.0,
          0.0,
          1.0,
          0.0,
          0.0,
          -1.0,
          0.0,
          -1.192093e-7,
          0.0,
          605.0803,
          0.001454353,
          4.703465,
          1.0
        ]
      }
    ]
  }
}