{
  "snow.npc.userdata.NpcTransformUserData": {
    "_TransformArray": [
      {
        "_Position": [
          -1501.471,
          -0.1160704,
          -1505.434
        ],
        "_Rotation": [
          0.0,
          0.7506603,
          0.0,
          0.6606884
        ]
      },
      {
        "_Position": [
          -1501.279,
          -0.1168187,
          -1505.205
        ],
        "_Rotation": [
          0.0,
          0.6280878,
          0.0,
          0.7781425
        ]
      }
    ]
  }
}