{
  "snow.npc.userdata.NpcTransformUserData": {
    "_TransformArray": [
      {
        "_Position": [
          461.8524,
          7.365568,
          490.1041
        ],
        "_Rotation": [
          0.0,
          0.9961947,
          0.0,
          -0.08715568
        ]
      },
      {
        "_Position": [
          461.4522,
          7.405385,
          491.5409
        ],
        "_Rotation": [
          -3.076919e-13,
          0.2207663,
          -1.454872e-11,
          0.9753267
        ]
      },
      {
        "_Position": [
          469.4706,
          7.2161,
          500.5575
        ],
        "_Rotation": [
          0.0,
          -0.460507,
          0.0,
          0.8876562
        ]
      },
      {
        "_Position": [
          461.8524,
          7.365568,
          490.1041
        ],
        "_Rotation": [
          0.0,
          0.9502337,
          0.0,
          -0.311538
        ]
      }
    ]
  }
}