{
  "snow.stage.StagePointUserData": {
    "_PointList": [
      {
        "_PointType": 0,
        "_Position": [
          -49.57878,
          177.0085,
          140.8744
        ],
        "_Rotation": [
          -6.435845e-8,
          0.9904349,
          -6.435845e-8,
          0.1379811
        ],
        "_PointName": "Point\u0000"
      },
      {
        "_PointType": 6,
        "_Position": [
          -48.25849,
          176.378,
          132.0803
        ],
        "_Rotation": [
          -0.00952916,
          -0.2830503,
          0.08175393,
          0.9555668
        ],
        "_PointName": "ネコタク：メインキャンプ\u0000"
      },
      {
        "_PointType": 5,
        "_Position": [
          -52.98315,
          176.6828,
          136.3951
        ],
        "_Rotation": [
          -3.242753e-8,
          0.8884633,
          -3.242753e-8,
          0.4589476
        ],
        "_PointName": "テントからの帰還ポイント：メインキャンプ\u0000"
      },
      {
        "_PointType": 1,
        "_Position": [
          -51.98896,
          176.6828,
          135.2503
        ],
        "_Rotation": [
          -2.745113e-8,
          -0.4387507,
          5.134131e-8,
          0.8986088
        ],
        "_PointName": "ファストトラベル：メインキャンプ\u0000"
      }
    ],
    "_WarpPointList": [],
    "_VillageStartPointList": [],
    "_VillageAreaAppearPointGroupList": [],
    "_VillageFastTravelPointList": [],
    "_IsOverwriteQuestStartPointOffset": false,
    "_QuestStartPointOffsetOverwrite": [
      [
        0.0,
        0.0,
        0.0
      ],
      [
        0.0,
        0.0,
        0.0
      ],
      [
        0.0,
        0.0,
        0.0
      ],
      [
        0.0,
        0.0,
        0.0
      ]
    ]
  }
}