{
  "snow.npc.userdata.NpcTransformUserData": {
    "_TransformArray": [
      {
        "_Position": [
          1496.036,
          0.5742331,
          -1497.228
        ],
        "_Rotation": [
          0.0,
          0.9450179,
          0.0,
          -0.3270187
        ]
      },
      {
        "_Position": [
          1496.965,
          0.5954188,
          -1498.194
        ],
        "_Rotation": [
          0.0,
          0.9659258,
          0.0,
          0.258819
        ]
      }
    ]
  }
}