{
  "snow.npc.userdata.NpcTransformUserData": {
    "_TransformArray": [
      {
        "_Position": [
          -1562.551,
          -16.05558,
          -1458.326
        ],
        "_Rotation": [
          0.0,
          0.191463,
          0.0,
          0.9814998
        ]
      }
    ]
  }
}