{
  "snow.npc.userdata.NpcTransformUserData": {
    "_TransformArray": [
      {
        "_Position": [
          460.9844,
          7.216105,
          503.6341
        ],
        "_Rotation": [
          0.0,
          -0.09122649,
          0.0,
          0.9958302
        ]
      }
    ]
  }
}