{
  "snow.stage.props.PropsTargetPointUserData": {
    "_PointList": [
      {
        "_Offset": [
          0.0,
          1.5,
          3.0
        ],
        "_Radius": 2.0,
        "_RefMatrix": [
          -1.192093e-7,
          0.0,
          0.9999999,
          0.0,
          0.0,
          1.0,
          0.0,
          0.0,
          -0.9999999,
          0.0,
          -1.192093e-7,
          0.0,
          471.6387,
          0.0,
          8.486938,
          1.0
        ]
      },
      {
        "_Offset": [
          -8.0,
          1.5,
          3.0
        ],
        "_Radius": 2.0,
        "_RefMatrix": [
          -1.192093e-7,
          0.0,
          0.9999999,
          0.0,
          0.0,
          1.0,
          0.0,
          0.0,
          -0.9999999,
          0.0,
          -1.192093e-7,
          0.0,
          471.6387,
          0.0,
          8.486938,
          1.0
        ]
      },
      {
        "_Offset": [
          8.0,
          1.5,
          3.0
        ],
        "_Radius": 2.0,
        "_RefMatrix": [
          -1.192093e-7,
          0.0,
          0.9999999,
          0.0,
          0.0,
          1.0,
          0.0,
          0.0,
          -0.9999999,
          0.0,
          -1.192093e-7,
          0.0,
          471.6387,
          0.0,
          8.486938,
          1.0
        ]
      }
    ]
  }
}