{
  "snow.npc.userdata.NpcTransformUserData": {
    "_TransformArray": [
      {
        "_Position": [
          466.2408,
          16.6099,
          508.6932
        ],
        "_Rotation": [
          -3.087754e-12,
          -0.5287855,
          -1.92371e-12,
          0.8487555
        ]
      }
    ]
  }
}