{
  "snow.stage.StagePointUserData": {
    "_PointList": [
      {
        "_PointType": 0,
        "_Position": [
          -3.205842e-8,
          50.20934,
          46.91426
        ],
        "_Rotation": [
          -4.364259e-8,
          0.9999987,
          -4.364259e-8,
          0.001572803
        ],
        "_PointName": "Point\u0000"
      },
      {
        "_PointType": 5,
        "_Position": [
          -0.01596042,
          50.20934,
          53.34753
        ],
        "_Rotation": [
          -4.3798e-8,
          0.999998,
          -4.3798e-8,
          -0.001983359
        ],
        "_PointName": "テントからの帰還ポイント\u0000"
      },
      {
        "_PointType": 6,
        "_Position": [
          0.5245406,
          50.20934,
          48.18356
        ],
        "_Rotation": [
          2.568689e-8,
          0.003940259,
          5.505634e-8,
          0.9999923
        ],
        "_PointName": "ネコタク：メインキャンプ\u0000"
      },
      {
        "_PointType": 1,
        "_Position": [
          -3.205842e-8,
          50.20934,
          46.91426
        ],
        "_Rotation": [
          -4.364259e-8,
          0.9999987,
          -4.364259e-8,
          0.001572803
        ],
        "_PointName": "ファストトラベル用：メインキャンプ\u0000"
      }
    ],
    "_WarpPointList": [],
    "_VillageStartPointList": [],
    "_VillageAreaAppearPointGroupList": [],
    "_VillageFastTravelPointList": [],
    "_IsOverwriteQuestStartPointOffset": false,
    "_QuestStartPointOffsetOverwrite": [
      [
        0.0,
        0.0,
        0.0
      ],
      [
        0.0,
        0.0,
        0.0
      ],
      [
        0.0,
        0.0,
        0.0
      ],
      [
        0.0,
        0.0,
        0.0
      ]
    ]
  }
}