{
  "ace.retarget.user_data.FeatureParameter": {
    "_FeatureData": [
      {
        "_Type": 8,
        "_Feature": {
          "_ShoulderRot": {
            "Offset": [
              1.164153e-10,
              -3.686287e-18,
              4.291402e-28,
              1.0
            ],
            "Scale": [
              1.0,
              1.0,
              1.0
            ]
          },
          "_UpperArmRot": {
            "Offset": [
              3.156405e-28,
              4.337469e-19,
              7.277066e-10,
              1.0
            ],
            "Scale": [
              1.0,
              1.0,
              1.0
            ]
          },
          "_ForeArmRot": {
            "Offset": [
              0.0,
              0.0,
              0.0,
              1.0
            ],
            "Scale": [
              1.0,
              1.0,
              1.0
            ]
          },
          "_HandRotOffset": [
            -1.862645e-9,
            1.387779e-17,
            2.584939e-26,
            1.0
          ],
          "_ElbowAimRot": 0.0
        }
      }
    ]
  }
}