{
  "ace.retarget.user_data.FeatureParameter": {
    "_FeatureData": [
      {
        "_Type": 8,
        "_Feature": {
          "_ShoulderRot": {
            "Offset": [
              -0.03489817,
              0.0003045517,
              0.008721217,
              0.9993528
            ],
            "Scale": [
              1.0,
              1.0,
              1.0
            ]
          },
          "_UpperArmRot": {
            "Offset": [
              0.0,
              -2.333992e-10,
              0.0,
              1.0
            ],
            "Scale": [
              1.0,
              1.0,
              1.0
            ]
          },
          "_ForeArmRot": {
            "Offset": [
              -2.328306e-10,
              0.0,
              0.0,
              1.0
            ],
            "Scale": [
              1.0,
              1.0,
              1.0
            ]
          },
          "_HandRotOffset": [
            -6.663271e-27,
            -7.045938e-18,
            9.456897e-10,
            1.0
          ],
          "_ElbowAimRot": 0.0
        }
      }
    ]
  }
}