{
  "snow.npc.userdata.NpcTransformUserData": {
    "_TransformArray": [
      {
        "_Position": [
          501.9182,
          2.02234,
          521.6066
        ],
        "_Rotation": [
          0.0,
          0.6998618,
          0.0,
          0.7142783
        ]
      },
      {
        "_Position": [
          497.646,
          2.02234,
          518.8625
        ],
        "_Rotation": [
          0.0,
          0.6998618,
          0.0,
          0.7142783
        ]
      }
    ]
  }
}