{
  "snow.npc.userdata.NpcTransformUserData": {
    "_TransformArray": [
      {
        "_Position": [
          494.7841,
          3.263667,
          500.5669
        ],
        "_Rotation": [
          0.0,
          0.7986356,
          0.0,
          0.601815
        ]
      },
      {
        "_Position": [
          -1493.8,
          0.1289323,
          -1523.8
        ],
        "_Rotation": [
          0.0,
          0.9396927,
          0.0,
          -0.3420201
        ]
      }
    ]
  }
}