{
  "snow.npc.userdata.NpcTransformUserData": {
    "_TransformArray": [
      {
        "_Position": [
          -1496.38,
          1.257051,
          -1474.926
        ],
        "_Rotation": [
          0.0,
          -0.7071068,
          0.0,
          0.7071068
        ]
      },
      {
        "_Position": [
          -1496.489,
          1.565057,
          -1477.794
        ],
        "_Rotation": [
          0.0,
          0.9363561,
          0.0,
          -0.3510515
        ]
      }
    ]
  }
}