{
  "snow.npc.userdata.NpcFixedCameraUserData": {
    "_FixedCameraInfoList": [
      {
        "_CameraPosition": [
          -1503.911,
          6.168475,
          -1479.801
        ],
        "_LookAtPosition": [
          -1502.358,
          5.046326,
          -1480.375
        ]
      },
      {
        "_CameraPosition": [
          -1499.225,
          2.088968,
          -1492.346
        ],
        "_LookAtPosition": [
          -1499.08,
          1.957818,
          -1494.337
        ]
      },
      {
        "_CameraPosition": [
          -1493.313,
          2.081739,
          -1519.552
        ],
        "_LookAtPosition": [
          -1491.322,
          1.932229,
          -1519.681
        ]
      }
    ]
  }
}