{
  "snow.npc.userdata.NpcTransformUserData": {
    "_TransformArray": [
      {
        "_Position": [
          449.1752,
          2.085665,
          468.7603
        ],
        "_Rotation": [
          0.0,
          0.8987941,
          0.0,
          0.438371
        ]
      }
    ]
  }
}