{
  "snow.npc.userdata.NpcTransformUserData": {
    "_TransformArray": [
      {
        "_Position": [
          -510.6337,
          -0.9363509,
          -453.8853
        ],
        "_Rotation": [
          0.0,
          -0.8629726,
          0.0,
          0.5052508
        ]
      }
    ]
  }
}