{
  "snow.npc.userdata.NpcTransformUserData": {
    "_TransformArray": [
      {
        "_Position": [
          496.4492,
          3.082888,
          487.3174
        ],
        "_Rotation": [
          0.0,
          0.6156613,
          0.0,
          0.7880109
        ]
      }
    ]
  }
}