{
  "ace.retarget.user_data.FeatureParameter": {
    "_FeatureData": [
      {
        "_Type": 9,
        "_Feature": {
          "_ShoulderRot": {
            "Offset": [
              -1.317625e-9,
              -0.01745248,
              7.548635e-8,
              0.9998477
            ],
            "Scale": [
              1.0,
              1.0,
              1.0
            ]
          },
          "_UpperArmRot": {
            "Offset": [
              -0.04361939,
              0.0,
              0.0,
              0.9990482
            ],
            "Scale": [
              1.0,
              1.0,
              1.0
            ]
          },
          "_ForeArmRot": {
            "Offset": [
              0.0,
              -0.04361945,
              0.0,
              0.9990482
            ],
            "Scale": [
              1.0,
              1.0,
              1.0
            ]
          },
          "_HandRotOffset": [
            0.08419652,
            0.1291382,
            -0.09774398,
            0.9831991
          ],
          "_ElbowAimRot": 0.0
        }
      }
    ]
  }
}