{
  "snow.npc.userdata.NpcTransformUserData": {
    "_TransformArray": [
      {
        "_Position": [
          508.2412,
          1.282916,
          -1524.287
        ],
        "_Rotation": [
          0.0,
          0.2913744,
          0.0,
          0.9566091
        ]
      }
    ]
  }
}