{
  "snow.npc.userdata.NpcTransformUserData": {
    "_TransformArray": [
      {
        "_Position": [
          1504.021,
          0.6389953,
          -1522.56
        ],
        "_Rotation": [
          0.0,
          0.1698156,
          0.0,
          0.9854758
        ]
      }
    ]
  }
}