{
  "snow.npc.userdata.NpcTransformUserData": {
    "_TransformArray": [
      {
        "_Position": [
          -1482.694,
          -0.8376533,
          -1512.704
        ],
        "_Rotation": [
          0.0,
          0.9522721,
          0.0,
          -0.3052506
        ]
      },
      {
        "_Position": [
          -1483.814,
          -0.7967,
          -1512.254
        ],
        "_Rotation": [
          0.0,
          0.02457089,
          0.0,
          0.9996981
        ]
      }
    ]
  }
}