{
  "snow.npc.userdata.NpcTransformUserData": {
    "_TransformArray": [
      {
        "_Position": [
          488.1191,
          4.594039,
          467.8874
        ],
        "_Rotation": [
          0.0,
          0.6299774,
          0.0,
          0.7766135
        ]
      }
    ]
  }
}