{
  "snow.npc.userdata.NpcTransformUserData": {
    "_TransformArray": [
      {
        "_Position": [
          -1560.308,
          2.799416,
          -1497.134
        ],
        "_Rotation": [
          0.0,
          0.05850144,
          0.0,
          0.9982873
        ]
      }
    ]
  }
}