{
  "snow.npc.userdata.NpcTransformUserData": {
    "_TransformArray": [
      {
        "_Position": [
          496.4442,
          2.635232,
          -1494.609
        ],
        "_Rotation": [
          0.0,
          0.4765157,
          0.0,
          0.8791659
        ]
      },
      {
        "_Position": [
          499.0009,
          2.545191,
          -1493.992
        ],
        "_Rotation": [
          0.0,
          0.4763052,
          0.0,
          0.87928
        ]
      }
    ]
  }
}