{
  "snow.npc.userdata.NpcTransformUserData": {
    "_TransformArray": [
      {
        "_Position": [
          496.1956,
          2.637865,
          -1494.905
        ],
        "_Rotation": [
          0.0,
          0.9464766,
          0.0,
          -0.3227723
        ]
      }
    ]
  }
}