{
  "snow.npc.userdata.NpcTransformUserData": {
    "_TransformArray": [
      {
        "_Position": [
          511.7858,
          4.599994,
          468.5176
        ],
        "_Rotation": [
          0.0,
          -0.1896761,
          0.0,
          0.9818467
        ]
      },
      {
        "_Position": [
          487.8374,
          14.36622,
          474.0666
        ],
        "_Rotation": [
          6.40325e-19,
          0.7071068,
          -1.534195e-19,
          0.7071068
        ]
      },
      {
        "_Position": [
          511.7858,
          4.599994,
          468.5176
        ],
        "_Rotation": [
          -1.703315e-10,
          -0.1896764,
          4.333909e-10,
          0.9818467
        ]
      }
    ]
  }
}