{
  "snow.npc.userdata.NpcTransformUserData": {
    "_TransformArray": [
      {
        "_Position": [
          1508.608,
          -0.3220475,
          -1505.409
        ],
        "_Rotation": [
          0.0,
          -0.6709173,
          0.0,
          0.7415321
        ]
      }
    ]
  }
}