{
  "snow.npc.userdata.NpcTransformUserData": {
    "_TransformArray": [
      {
        "_Position": [
          512.5511,
          4.843112,
          519.5255
        ],
        "_Rotation": [
          0.04821937,
          0.3003214,
          -0.01520352,
          0.9524971
        ]
      }
    ]
  }
}