{
  "snow.npc.userdata.NpcTransformUserData": {
    "_TransformArray": [
      {
        "_Position": [
          524.3647,
          5.505355,
          481.3855
        ],
        "_Rotation": [
          0.0,
          1.0,
          0.0,
          4.371139e-8
        ]
      },
      {
        "_Position": [
          524.3647,
          5.505355,
          481.3855
        ],
        "_Rotation": [
          0.0,
          1.0,
          0.0,
          4.371139e-8
        ]
      }
    ]
  }
}