{
  "ace.retarget.user_data.FeatureParameter": {
    "_FeatureData": [
      {
        "_Type": 9,
        "_Feature": {
          "_ShoulderRot": {
            "Offset": [
              4.440892e-16,
              -7.549789e-8,
              3.35278e-23,
              1.0
            ],
            "Scale": [
              1.0,
              1.0,
              1.0
            ]
          },
          "_UpperArmRot": {
            "Offset": [
              0.01512936,
              -0.05303845,
              0.0444655,
              0.9974873
            ],
            "Scale": [
              1.0,
              1.0,
              1.0
            ]
          },
          "_ForeArmRot": {
            "Offset": [
              -0.09603634,
              0.006174549,
              -0.02521942,
              0.9950392
            ],
            "Scale": [
              1.0,
              1.0,
              1.0
            ]
          },
          "_HandRotOffset": [
            0.0805888,
            0.362569,
            -0.1051742,
            0.9224899
          ],
          "_ElbowAimRot": -5.0
        }
      }
    ]
  }
}