{
  "snow.npc.userdata.NpcTransformUserData": {
    "_TransformArray": [
      {
        "_Position": [
          519.4409,
          2.01438,
          517.2999
        ],
        "_Rotation": [
          0.0,
          0.997296,
          0.0,
          -0.07348876
        ]
      }
    ]
  }
}