{
  "snow.npc.userdata.NpcTransformUserData": {
    "_TransformArray": [
      {
        "_Position": [
          -1494.224,
          -0.272,
          -1496.714
        ],
        "_Rotation": [
          0.0,
          0.9411888,
          0.0,
          -0.3378813
        ]
      },
      {
        "_Position": [
          -1483.916,
          0.3412,
          -1497.9
        ],
        "_Rotation": [
          0.0,
          -0.7071069,
          0.0,
          0.7071066
        ]
      },
      {
        "_Position": [
          -1510.579,
          -0.1932175,
          -1522.581
        ],
        "_Rotation": [
          0.0,
          0.903605,
          0.0,
          -0.4283666
        ]
      }
    ]
  }
}