{
  "snow.npc.userdata.NpcTransformUserData": {
    "_TransformArray": [
      {
        "_Position": [
          524.5361,
          5.505355,
          481.4165
        ],
        "_Rotation": [
          0.0,
          1.0,
          0.0,
          4.371139e-8
        ]
      },
      {
        "_Position": [
          522.0046,
          12.117,
          475.2415
        ],
        "_Rotation": [
          0.0,
          0.0,
          0.0,
          1.0
        ]
      }
    ]
  }
}