{
  "snow.npc.userdata.NpcTransformUserData": {
    "_TransformArray": [
      {
        "_Position": [
          1513.23,
          0.2612065,
          -1512.355
        ],
        "_Rotation": [
          0.0,
          -0.7071068,
          0.0,
          0.7071068
        ]
      }
    ]
  }
}