{
  "snow.npc.userdata.NpcTransformUserData": {
    "_TransformArray": [
      {
        "_Position": [
          -1499.109,
          -4.519015,
          -489.2622
        ],
        "_Rotation": [
          0.0,
          -0.7620528,
          0.0,
          0.6475149
        ]
      }
    ]
  }
}