{
  "snow.npc.userdata.NpcTransformUserData": {
    "_TransformArray": [
      {
        "_Position": [
          -1500.388,
          -4.647833,
          -478.2458
        ],
        "_Rotation": [
          0.0,
          0.9930838,
          0.0,
          0.1174073
        ]
      }
    ]
  }
}