{
  "snow.npc.userdata.NpcTransformUserData": {
    "_TransformArray": [
      {
        "_Position": [
          -1499.187,
          -4.535223,
          -487.3752
        ],
        "_Rotation": [
          0.0,
          0.02603267,
          0.0,
          0.9996611
        ]
      }
    ]
  }
}