{
  "snow.npc.userdata.NpcTransformUserData": {
    "_TransformArray": [
      {
        "_Position": [
          -1500.399,
          -4.105674,
          -489.4914
        ],
        "_Rotation": [
          0.0,
          -0.2927193,
          0.0,
          0.9561984
        ]
      }
    ]
  }
}