{
  "snow.npc.userdata.NpcTransformUserData": {
    "_TransformArray": [
      {
        "_Position": [
          -1496.682,
          -4.709378,
          -478.1033
        ],
        "_Rotation": [
          0.0,
          0.9942878,
          0.0,
          -0.1067317
        ]
      }
    ]
  }
}