{
  "snow.npc.userdata.NpcTransformUserData": {
    "_TransformArray": [
      {
        "_Position": [
          -1501.648,
          -4.519015,
          -489.6571
        ],
        "_Rotation": [
          0.0,
          0.6633219,
          0.0,
          0.7483342
        ]
      }
    ]
  }
}