{
  "snow.npc.userdata.NpcTransformUserData": {
    "_TransformArray": [
      {
        "_Position": [
          511.615,
          2.008418,
          509.6736
        ],
        "_Rotation": [
          0.0,
          0.9589906,
          0.0,
          0.2834378
        ]
      },
      {
        "_Position": [
          511.2713,
          2.029979,
          510.0659
        ],
        "_Rotation": [
          0.0,
          0.9396927,
          0.0,
          0.3420201
        ]
      }
    ]
  }
}