{
  "snow.npc.userdata.NpcTransformUserData": {
    "_TransformArray": [
      {
        "_Position": [
          -1544.527,
          -9.7566,
          -1481.67
        ],
        "_Rotation": [
          0.0,
          -0.6280406,
          0.0,
          0.7781806
        ]
      },
      {
        "_Position": [
          -1521.032,
          -0.1197,
          -1524.141
        ],
        "_Rotation": [
          0.0,
          0.7258818,
          0.0,
          0.6878194
        ]
      }
    ]
  }
}