{
  "ace.retarget.user_data.FeatureParameter": {
    "_FeatureData": [
      {
        "_Type": 9,
        "_Feature": {
          "_ShoulderRot": {
            "Offset": [
              0.03171638,
              0.09199972,
              -0.1336749,
              0.9862359
            ],
            "Scale": [
              0.7,
              1.0,
              1.0
            ]
          },
          "_UpperArmRot": {
            "Offset": [
              0.01886394,
              -0.2156157,
              -0.08508985,
              0.972581
            ],
            "Scale": [
              0.7,
              1.0,
              1.0
            ]
          },
          "_ForeArmRot": {
            "Offset": [
              -0.02255755,
              -0.084186,
              0.2578342,
              0.9622502
            ],
            "Scale": [
              0.7,
              1.0,
              1.0
            ]
          },
          "_HandRotOffset": [
            0.0,
            0.0,
            0.0,
            1.0
          ],
          "_ElbowAimRot": 10.0
        }
      }
    ]
  }
}