{
  "snow.npc.userdata.NpcTransformUserData": {
    "_TransformArray": [
      {
        "_Position": [
          1499.18,
          0.5458109,
          -1505.435
        ],
        "_Rotation": [
          0.0,
          -0.2897727,
          0.0,
          0.9570954
        ]
      }
    ]
  }
}