{
  "snow.npc.userdata.NpcTransformUserData": {
    "_TransformArray": [
      {
        "_Position": [
          503.05,
          4.633166,
          464.65
        ],
        "_Rotation": [
          0.0,
          0.9238796,
          0.0,
          -0.3826834
        ]
      }
    ]
  }
}