{
  "snow.npc.userdata.NpcTransformUserData": {
    "_TransformArray": [
      {
        "_Position": [
          -1501.253,
          -0.0732,
          -1504.471
        ],
        "_Rotation": [
          0.0,
          0.819152,
          0.0,
          0.5735765
        ]
      }
    ]
  }
}