{
  "snow.npc.userdata.NpcTransformUserData": {
    "_TransformArray": [
      {
        "_Position": [
          527.0621,
          2.043,
          516.251
        ],
        "_Rotation": [
          0.0,
          -0.5172637,
          0.0,
          0.8558261
        ]
      }
    ]
  }
}