{
  "snow.npc.userdata.NpcTransformUserData": {
    "_TransformArray": [
      {
        "_Position": [
          455.9747,
          12.58143,
          487.8191
        ],
        "_Rotation": [
          0.0,
          0.9973752,
          0.0,
          0.07240614
        ]
      },
      {
        "_Position": [
          458.7024,
          9.30722,
          480.5899
        ],
        "_Rotation": [
          0.0,
          0.7071069,
          0.0,
          0.7071066
        ]
      }
    ]
  }
}