{
  "snow.npc.userdata.NpcFixedCameraUserData": {
    "_FixedCameraInfoList": [
      {
        "_CameraPosition": [
          -10.06594,
          7.32375,
          12.07849
        ],
        "_LookAtPosition": [
          -8.518858,
          6.913672,
          10.87916
        ]
      },
      {
        "_CameraPosition": [
          -0.6163482,
          7.32375,
          -5.162461
        ],
        "_LookAtPosition": [
          0.4480589,
          6.41063,
          -3.73654
        ]
      }
    ]
  }
}