{
  "snow.npc.userdata.NpcTransformUserData": {
    "_TransformArray": [
      {
        "_Position": [
          -1493.277,
          0.6895,
          -1511.607
        ],
        "_Rotation": [
          0.0,
          0.9813049,
          0.0,
          -0.1924594
        ]
      }
    ]
  }
}