{
  "snow.npc.userdata.NpcTransformUserData": {
    "_TransformArray": [
      {
        "_Position": [
          -1527.745,
          -0.02171832,
          -1523.171
        ],
        "_Rotation": [
          0.0,
          -0.5372996,
          0.0,
          0.8433914
        ]
      }
    ]
  }
}