{
  "snow.stage.props.PropsTargetPointUserData": {
    "_PointList": [
      {
        "_Offset": [
          0.0,
          7.5,
          0.0
        ],
        "_Radius": 2.0,
        "_RefMatrix": [
          1.788139e-7,
          0.0,
          0.9999999,
          0.0,
          0.0,
          1.0,
          0.0,
          0.0,
          -0.9999999,
          0.0,
          1.788139e-7,
          0.0,
          196.9614,
          -5.270516,
          10.013,
          1.0
        ]
      }
    ]
  }
}