{
  "ace.retarget.user_data.FeatureParameter": {
    "_FeatureData": [
      {
        "_Type": 8,
        "_Feature": {
          "_ShoulderRot": {
            "Offset": [
              0.0,
              0.0,
              0.0,
              1.0
            ],
            "Scale": [
              1.0,
              1.0,
              1.0
            ]
          },
          "_UpperArmRot": {
            "Offset": [
              0.04341859,
              0.09575453,
              -0.004180735,
              0.9944488
            ],
            "Scale": [
              1.0,
              1.0,
              1.0
            ]
          },
          "_ForeArmRot": {
            "Offset": [
              -0.07886853,
              -0.05074781,
              -0.1929529,
              0.9767157
            ],
            "Scale": [
              1.0,
              1.0,
              1.0
            ]
          },
          "_HandRotOffset": [
            0.2231809,
            -0.3583284,
            0.1398206,
            0.8956792
          ],
          "_ElbowAimRot": 5.0
        }
      }
    ]
  }
}