{
  "app.user_data.NpcOtomoDataParam": {
    "_MedicOtomoReturnTargetPos_ST101": [
      -789.1726,
      57.6072,
      739.3809
    ],
    "_MedicOtomoReturnTargetPos_ST102": [
      -124.70885,
      44.75685,
      472.67407
    ],
    "_MedicOtomoReturnTargetPos_ST103": [
      1053.3812,
      -89.60001,
      -127.624596
    ],
    "_MedicOtomoReturnTargetPos_ST104": [
      -929.6478,
      152.75749,
      250.43073
    ],
    "_MedicOtomoReturnTargetPos_ST105": [
      -5.112372,
      -21.408855,
      -95.65925
    ],
    "_MedicOtomoReturnTargetPos_ST201": [
      -789.1726,
      57.6072,
      739.3809
    ],
    "_MedicOtomoReturnTargetPos_ST202": [
      -124.70885,
      44.75685,
      472.67407
    ],
    "_MedicOtomoReturnTargetPos_STXXX": [
      1053.3812,
      -89.60001,
      -127.624596
    ],
    "_MedicOtomoReturnTargetPos_ST203": [
      -872.3074,
      4.514103,
      374.49747
    ]
  }
}