{
  "app.user_data.MeshConstraintUserData": {
    "ConstraintDataList": [
      {
        "ResultData": {
          "v0_LocalPosition": [
            -0.34516275,
            3.2763653,
            7.9082565
          ],
          "v1_LocalNormal": [
            -0.0056802444,
            0.9591164,
            0.28295475
          ],
          "v2_JointElement": [
            917737,
            786449,
            6488069
          ],
          "v3_BlendShapeValue": [],
          "v4_PartId": 0
        },
        "_ID": 0,
        "_Offset": [
          1.0,
          0.0,
          0.0,
          0.0,
          0.0,
          1.0,
          0.0,
          0.0,
          0.0,
          0.0,
          1.0,
          0.0,
          0.0,
          0.0,
          0.0,
          1.0
        ],
        "_IsEnableData": true
      },
      {
        "ResultData": {
          "v0_LocalPosition": [
            -1.1409926,
            2.579993,
            2.4168258
          ],
          "v1_LocalNormal": [
            -0.7646779,
            0.42473522,
            0.48463157
          ],
          "v2_JointElement": [
            327768,
            8912978,
            10289206,
            8978456,
            262149,
            393218
          ],
          "v3_BlendShapeValue": [],
          "v4_PartId": 0
        },
        "_ID": 1,
        "_Offset": [
          1.0,
          0.0,
          0.0,
          0.0,
          0.0,
          1.0,
          0.0,
          0.0,
          0.0,
          0.0,
          1.0,
          0.0,
          0.0,
          0.0,
          0.0,
          1.0
        ],
        "_IsEnableData": true
      },
      {
        "ResultData": {
          "v0_LocalPosition": [
            0.98861325,
            2.583932,
            2.7909021
          ],
          "v1_LocalNormal": [
            0.86648613,
            0.4542278,
            0.20707202
          ],
          "v2_JointElement": [
            327766,
            393281,
            7536696,
            10354724,
            7602187,
            458753
          ],
          "v3_BlendShapeValue": [],
          "v4_PartId": 0
        },
        "_ID": 2,
        "_Offset": [
          1.0,
          0.0,
          0.0,
          0.0,
          0.0,
          1.0,
          0.0,
          0.0,
          0.0,
          0.0,
          1.0,
          0.0,
          0.0,
          0.0,
          0.0,
          1.0
        ],
        "_IsEnableData": true
      },
      {
        "ResultData": {
          "v0_LocalPosition": [
            -1.1175673,
            2.5673718,
            -3.0696988
          ],
          "v1_LocalNormal": [
            -0.3407756,
            0.7621065,
            0.55051404
          ],
          "v2_JointElement": [
            11600071,
            10420280
          ],
          "v3_BlendShapeValue": [],
          "v4_PartId": 0
        },
        "_ID": 3,
        "_Offset": [
          1.0,
          0.0,
          0.0,
          0.0,
          0.0,
          1.0,
          0.0,
          0.0,
          0.0,
          0.0,
          1.0,
          0.0,
          0.0,
          0.0,
          0.0,
          1.0
        ],
        "_IsEnableData": true
      },
      {
        "ResultData": {
          "v0_LocalPosition": [
            1.3440732,
            2.492251,
            -3.1529226
          ],
          "v1_LocalNormal": [
            0.45626616,
            0.8847609,
            0.09497058
          ],
          "v2_JointElement": [
            10485991,
            10420246,
            11534338
          ],
          "v3_BlendShapeValue": [],
          "v4_PartId": 0
        },
        "_ID": 4,
        "_Offset": [
          1.0,
          0.0,
          0.0,
          0.0,
          0.0,
          1.0,
          0.0,
          0.0,
          0.0,
          0.0,
          1.0,
          0.0,
          0.0,
          0.0,
          0.0,
          1.0
        ],
        "_IsEnableData": true
      },
      {
        "ResultData": {
          "v0_LocalPosition": [
            -1.0679545,
            2.702847,
            -6.850477
          ],
          "v1_LocalNormal": [
            -0.78692174,
            0.50746584,
            -0.35104504
          ],
          "v2_JointElement": [
            12845170,
            12779616,
            12910621,
            12713997,
            12976131
          ],
          "v3_BlendShapeValue": [],
          "v4_PartId": 0
        },
        "_ID": 5,
        "_Offset": [
          1.0,
          0.0,
          0.0,
          0.0,
          0.0,
          1.0,
          0.0,
          0.0,
          0.0,
          0.0,
          1.0,
          0.0,
          0.0,
          0.0,
          0.0,
          1.0
        ],
        "_IsEnableData": true
      },
      {
        "ResultData": {
          "v0_LocalPosition": [
            0.9384769,
            2.5008821,
            -6.341873
          ],
          "v1_LocalNormal": [
            0.96101016,
            0.27607387,
            0.01558018
          ],
          "v2_JointElement": [
            12779644,
            12845138,
            12714023,
            12910599,
            10420227
          ],
          "v3_BlendShapeValue": [],
          "v4_PartId": 0
        },
        "_ID": 6,
        "_Offset": [
          1.0,
          0.0,
          0.0,
          0.0,
          0.0,
          1.0,
          0.0,
          0.0,
          0.0,
          0.0,
          1.0,
          0.0,
          0.0,
          0.0,
          0.0,
          1.0
        ],
        "_IsEnableData": true
      },
      {
        "ResultData": {
          "v0_LocalPosition": [
            0.019862525,
            2.8234336,
            -10.294488
          ],
          "v1_LocalNormal": [
            -0.12237225,
            0.97499716,
            0.18548737
          ],
          "v2_JointElement": [
            13041793,
            12976227,
            13107219,
            12910599,
            13172737
          ],
          "v3_BlendShapeValue": [],
          "v4_PartId": 0
        },
        "_ID": 7,
        "_Offset": [
          1.0,
          0.0,
          0.0,
          0.0,
          0.0,
          1.0,
          0.0,
          0.0,
          0.0,
          0.0,
          1.0,
          0.0,
          0.0,
          0.0,
          0.0,
          1.0
        ],
        "_IsEnableData": true
      },
      {
        "ResultData": {
          "v0_LocalPosition": [
            -0.34516275,
            3.2763653,
            7.9082565
          ],
          "v1_LocalNormal": [
            -0.0056802444,
            0.9591164,
            0.28295475
          ],
          "v2_JointElement": [
            917737,
            786449,
            6488069
          ],
          "v3_BlendShapeValue": [],
          "v4_PartId": 0
        },
        "_ID": 100,
        "_Offset": [
          1.0,
          0.0,
          0.0,
          0.0,
          0.0,
          1.0,
          0.0,
          0.0,
          0.0,
          0.0,
          1.0,
          0.0,
          0.0,
          0.0,
          0.0,
          1.0
        ],
        "_IsEnableData": true
      },
      {
        "ResultData": {
          "v0_LocalPosition": [
            0.08826895,
            3.4086657,
            4.484269
          ],
          "v1_LocalNormal": [
            -0.029163849,
            0.8760754,
            -0.48129156
          ],
          "v2_JointElement": [
            524421,
            458803,
            589871,
            655378,
            393222
          ],
          "v3_BlendShapeValue": [],
          "v4_PartId": 0
        },
        "_ID": 101,
        "_Offset": [
          1.0,
          0.0,
          0.0,
          0.0,
          0.0,
          1.0,
          0.0,
          0.0,
          0.0,
          0.0,
          1.0,
          0.0,
          0.0,
          0.0,
          0.0,
          1.0
        ],