{
  "snow.npc.userdata.NpcTransformUserData": {
    "_TransformArray": [
      {
        "_Position": [
          493.9299,
          3.2686,
          501.6062
        ],
        "_Rotation": [
          0.0,
          0.8480481,
          0.0,
          0.5299192
        ]
      }
    ]
  }
}