{
  "snow.npc.userdata.NpcTransformUserData": {
    "_TransformArray": [
      {
        "_Position": [
          -1503.045,
          3.698514,
          -1500.523
        ],
        "_Rotation": [
          0.0,
          0.7071068,
          0.0,
          0.7071068
        ]
      }
    ]
  }
}