{
  "snow.npc.userdata.NpcTransformUserData": {
    "_TransformArray": [
      {
        "_Position": [
          496.7895,
          2.6427,
          -1495.174
        ],
        "_Rotation": [
          -0.01121572,
          0.9317509,
          0.04807399,
          -0.3597268
        ]
      }
    ]
  }
}