{
  "snow.stage.props.PropsTargetPointUserData": {
    "_PointList": [
      {
        "_Offset": [
          12.0,
          2.0,
          4.0
        ],
        "_Radius": 2.0,
        "_RefMatrix": [
          -1.192093e-7,
          0.0,
          1.0,
          0.0,
          0.0,
          1.0,
          0.0,
          0.0,
          -1.0,
          0.0,
          -1.192093e-7,
          0.0,
          695.9068,
          2.951825,
          -69.35482,
          1.0
        ]
      },
      {
        "_Offset": [
          0.0,
          2.0,
          4.0
        ],
        "_Radius": 2.0,
        "_RefMatrix": [
          -1.192093e-7,
          0.0,
          1.0,
          0.0,
          0.0,
          1.0,
          0.0,
          0.0,
          -1.0,
          0.0,
          -1.192093e-7,
          0.0,
          695.9068,
          2.951825,
          -69.35482,
          1.0
        ]
      },
      {
        "_Offset": [
          -12.0,
          2.0,
          4.0
        ],
        "_Radius": 2.0,
        "_RefMatrix": [
          -1.192093e-7,
          0.0,
          1.0,
          0.0,
          0.0,
          1.0,
          0.0,
          0.0,
          -1.0,
          0.0,
          -1.192093e-7,
          0.0,
          695.9068,
          2.951825,
          -69.35482,
          1.0
        ]
      }
    ]
  }
}