{
  "snow.npc.userdata.NpcTransformUserData": {
    "_TransformArray": [
      {
        "_Position": [
          517.238,
          23.33374,
          -1486.572
        ],
        "_Rotation": [
          0.0,
          0.3544938,
          0.0,
          0.9350584
        ]
      }
    ]
  }
}