{
  "snow.npc.userdata.NpcTransformUserData": {
    "_TransformArray": [
      {
        "_Position": [
          454.8929,
          9.30722,
          481.5283
        ],
        "_Rotation": [
          0.0,
          -0.5783766,
          0.0,
          0.8157699
        ]
      }
    ]
  }
}