{
  "snow.npc.userdata.NpcTransformUserData": {
    "_TransformArray": [
      {
        "_Position": [
          -1460.646,
          -2.0811,
          -1518.79
        ],
        "_Rotation": [
          0.0,
          -0.5735765,
          0.0,
          0.819152
        ]
      },
      {
        "_Position": [
          -1483.268,
          -0.190181,
          -1522.056
        ],
        "_Rotation": [
          0.0,
          0.9848078,
          0.0,
          0.1736481
        ]
      }
    ]
  }
}