{
  "snow.npc.userdata.NpcTransformUserData": {
    "_TransformArray": [
      {
        "_Position": [
          506.4503,
          1.287918,
          -1524.388
        ],
        "_Rotation": [
          0.0,
          -0.5914956,
          0.0,
          0.8063083
        ]
      }
    ]
  }
}