{
  "snow.npc.userdata.NpcTransformUserData": {
    "_TransformArray": [
      {
        "_Position": [
          14.9208,
          179.2467,
          127.7649
        ],
        "_Rotation": [
          0.02842876,
          0.9715298,
          -0.006187003,
          0.2351239
        ]
      }
    ]
  }
}