{
  "snow.npc.userdata.NpcTransformUserData": {
    "_TransformArray": [
      {
        "_Position": [
          31.48102,
          173.8,
          146.2242
        ],
        "_Rotation": [
          0.0,
          0.9902821,
          0.0,
          0.1390736
        ]
      }
    ]
  }
}