{
  "snow.npc.userdata.NpcTransformUserData": {
    "_TransformArray": [
      {
        "_Position": [
          15.7622,
          179.171,
          128.4685
        ],
        "_Rotation": [
          0.06549585,
          0.9735925,
          -0.01180118,
          0.2183775
        ]
      }
    ]
  }
}