{
  "snow.npc.userdata.NpcTransformUserData": {
    "_TransformArray": [
      {
        "_Position": [
          515.1599,
          5.502651,
          472.8905
        ],
        "_Rotation": [
          0.0,
          -0.358368,
          0.0,
          0.9335804
        ]
      }
    ]
  }
}