{
  "snow.ai.StageBattleAreaData": {
    "_MapNoType": 15,
    "_StageBattleAreaList": [
      {
        "_BattleAreaCenter": [
          -10.45,
          69.0,
          65.0
        ],
        "_BattleAreaEffectiveRadius": 50.0,
        "_BattleArea": [
          [
            17.73975,
            69.56718,
            93.52212
          ],
          [
            -14.1238,
            69.54968,
            97.36752
          ],
          [
            -31.67706,
            69.55,
            90.86696
          ],
          [
            -44.31311,
            69.55,
            71.47089
          ],
          [
            -49.4217,
            69.50171,
            39.25503
          ],
          [
            -17.60134,
            69.04459,
            34.49297
          ],
          [
            -3.584872,
            69.84437,
            21.2824
          ],
          [
            5.592283,
            68.77615,
            37.49599
          ],
          [
            17.43741,
            68.94463,
            42.12786
          ],
          [
            21.40788,
            69.32589,
            60.68328
          ],
          [
            26.25192,
            69.56488,
            75.6041
          ]
        ],
        "_SanctuaryBattleAreaRadius": 30.0
      },
      {
        "_BattleAreaCenter": [
          0.5,
          -124.7,
          -2.011711
        ],
        "_BattleAreaEffectiveRadius": 60.0,
        "_BattleArea": [
          [
            35.91303,
            -124.7,
            11.6554
          ],
          [
            39.43638,
            -122.4272,
            22.98727
          ],
          [
            41.80095,
            -120.564,
            33.84389
          ],
          [
            30.60982,
            -120.5882,
            43.97909
          ],
          [
            15.35629,
            -124.7,
            38.14454
          ],
          [
            -6.813496,
            -124.7,
            35.27063
          ],
          [
            -20.15769,
            -124.5587,
            39.13089
          ],
          [
            -29.38527,
            -120.2184,
            46.01306
          ],
          [
            -43.03741,
            -120.8415,
            30.77134
          ],
          [
            -34.25068,
            -124.7,
            11.8694
          ],
          [
            -28.91832,
            -124.7,
            -38.35432
          ],
          [
            -9.484307,
            -124.6246,
            -46.31965
          ],
          [
            6.155674,
            -124.7,
            -44.19656
          ],
          [
            32.26044,
            -124.7036,
            -17.34781
          ]
        ],
        "_SanctuaryBattleAreaRadius": 33.0
      }
    ]
  }
}