{
  "snow.npc.userdata.NpcTransformUserData": {
    "_TransformArray": [
      {
        "_Position": [
          -1467.723,
          -1.801465,
          -1525.495
        ],
        "_Rotation": [
          0.0,
          -0.6040104,
          0.0,
          0.7969764
        ]
      }
    ]
  }
}