{
  "snow.npc.userdata.NpcTransformUserData": {
    "_TransformArray": [
      {
        "_Position": [
          -1526.663,
          -0.0205254,
          -1522.157
        ],
        "_Rotation": [
          0.0,
          0.2866495,
          0.0,
          0.9580355
        ]
      },
      {
        "_Position": [
          -1522.7,
          -0.1286,
          -1522.0
        ],
        "_Rotation": [
          0.0,
          0.7933534,
          0.0,
          0.6087614
        ]
      },
      {
        "_Position": [
          -1521.4,
          -0.1197,
          -1525.2
        ],
        "_Rotation": [
          0.0,
          -0.7660444,
          0.0,
          0.6427876
        ]
      }
    ]
  }
}