{
  "snow.npc.userdata.NpcTransformUserData": {
    "_TransformArray": [
      {
        "_Position": [
          -1497.034,
          -0.188917,
          -1522.136
        ],
        "_Rotation": [
          0.0,
          0.9961947,
          0.0,
          -0.08715568
        ]
      }
    ]
  }
}