{
  "snow.npc.userdata.NpcTransformUserData": {
    "_TransformArray": [
      {
        "_Position": [
          -1473.888,
          -1.5584,
          -1513.284
        ],
        "_Rotation": [
          0.0,
          0.9917102,
          0.0,
          -0.1284944
        ]
      }
    ]
  }
}