{
  "snow.npc.userdata.NpcTransformUserData": {
    "_TransformArray": [
      {
        "_Position": [
          504.2657,
          2.7493,
          -1504.626
        ],
        "_Rotation": [
          0.0,
          -0.5108663,
          0.0,
          0.8596601
        ]
      }
    ]
  }
}