{
  "snow.npc.userdata.NpcTransformUserData": {
    "_TransformArray": [
      {
        "_Position": [
          514.6244,
          1.993936,
          490.1467
        ],
        "_Rotation": [
          0.0,
          0.0,
          0.0,
          1.0
        ]
      },
      {
        "_Position": [
          514.6244,
          1.993936,
          490.1467
        ],
        "_Rotation": [
          0.0,
          0.0,
          0.0,
          1.0
        ]
      }
    ]
  }
}