{
  "snow.npc.userdata.NpcTransformUserData": {
    "_TransformArray": [
      {
        "_Position": [
          513.2186,
          4.599994,
          464.9524
        ],
        "_Rotation": [
          0.0,
          0.8994423,
          0.0,
          -0.4370396
        ]
      },
      {
        "_Position": [
          513.3096,
          4.599998,
          465.0275
        ],
        "_Rotation": [
          0.0,
          0.9004236,
          0.0,
          -0.4350142
        ]
      }
    ]
  }
}