{
  "snow.npc.userdata.NpcTransformUserData": {
    "_TransformArray": [
      {
        "_Position": [
          518.809,
          5.503195,
          488.1477
        ],
        "_Rotation": [
          0.0,
          1.0,
          0.0,
          -4.371139e-8
        ]
      },
      {
        "_Position": [
          518.809,
          5.503195,
          488.1477
        ],
        "_Rotation": [
          0.0,
          0.0,
          0.0,
          1.0
        ]
      }
    ]
  }
}