{
  "snow.npc.userdata.NpcTransformUserData": {
    "_TransformArray": [
      {
        "_Position": [
          493.5823,
          4.600002,
          474.2074
        ],
        "_Rotation": [
          0.0,
          0.7448697,
          0.0,
          0.66721
        ]
      },
      {
        "_Position": [
          493.627,
          4.600002,
          474.6121
        ],
        "_Rotation": [
          0.0,
          0.7448697,
          0.0,
          0.66721
        ]
      }
    ]
  }
}