{
  "snow.npc.userdata.NpcTransformUserData": {
    "_TransformArray": [
      {
        "_Position": [
          -1500.682,
          0.679759,
          -1513.329
        ],
        "_Rotation": [
          0.0,
          0.6903586,
          0.0,
          0.7234674
        ]
      }
    ]
  }
}