{
  "app.user_data.JointOffsetData": {
    "_JointOffsets": [
      {
        "_JointName": {
          "_Hash": 3647561205
        },
        "_PositionOffset": [
          -0.03,
          0.24,
          0.095
        ],
        "_RotationOffset": [
          -0.1671042,
          -0.05107256,
          -0.1828575,
          0.9674869
        ],
        "_ScaleOffset": [
          0.0,
          0.0,
          0.0
        ]
      }
    ]
  }
}