{
  "app.user_data.JointOffsetData": {
    "_JointOffsets": [
      {
        "_JointName": {
          "_Hash": 3013020700
        },
        "_PositionOffset": [
          -0.08,
          0.012,
          0.11
        ],
        "_RotationOffset": [
          -0.007936813,
          -0.09551657,
          0.08242696,
          0.9919775
        ],
        "_ScaleOffset": [
          0.0,
          0.0,
          0.0
        ]
      }
    ]
  }
}