{
  "snow.npc.userdata.NpcTransformUserData": {
    "_TransformArray": [
      {
        "_Position": [
          510.9891,
          3.012362,
          509.1336
        ],
        "_Rotation": [
          0.0,
          0.9396927,
          0.0,
          0.3420201
        ]
      }
    ]
  }
}