{
  "ace.retarget.user_data.FeatureParameter": {
    "_FeatureData": [
      {
        "_Type": 8,
        "_Feature": {
          "_ShoulderRot": {
            "Offset": [
              7.2336e-11,
              -4.144128e-9,
              -0.01745241,
              0.9998477
            ],
            "Scale": [
              1.0,
              1.0,
              1.0
            ]
          },
          "_UpperArmRot": {
            "Offset": [
              -0.05233592,
              -1.225253e-11,
              -2.337923e-10,
              0.9986295
            ],
            "Scale": [
              1.0,
              1.0,
              1.0
            ]
          },
          "_ForeArmRot": {
            "Offset": [
              -0.05233397,
              -0.008714565,
              -0.000456711,
              0.9985915
            ],
            "Scale": [
              1.0,
              1.0,
              1.0
            ]
          },
          "_HandRotOffset": [
            8.100122e-28,
            1.737104e-18,
            4.663003e-10,
            1.0
          ],
          "_ElbowAimRot": -5.0
        }
      }
    ]
  }
}