{
  "ace.retarget.user_data.FeatureParameter": {
    "_FeatureData": [
      {
        "_Type": 8,
        "_Feature": {
          "_ShoulderRot": {
            "Offset": [
              1.163754e-10,
              3.047394e-12,
              -0.02617695,
              0.9996573
            ],
            "Scale": [
              1.0,
              1.0,
              1.0
            ]
          },
          "_UpperArmRot": {
            "Offset": [
              0.008718247,
              -0.04361766,
              0.000380647,
              0.9990102
            ],
            "Scale": [
              1.0,
              1.0,
              1.0
            ]
          },
          "_ForeArmRot": {
            "Offset": [
              0.006838164,
              0.07816055,
              0.08688712,
              0.9931238
            ],
            "Scale": [
              1.0,
              1.0,
              1.0
            ]
          },
          "_HandRotOffset": [
            0.03623102,
            -0.1772424,
            0.0947673,
            0.9789237
          ],
          "_ElbowAimRot": 0.0
        }
      }
    ]
  }
}