{
  "snow.npc.userdata.NpcTransformUserData": {
    "_TransformArray": [
      {
        "_Position": [
          499.8327,
          4.599999,
          470.9417
        ],
        "_Rotation": [
          0.0,
          0.1543075,
          0.0,
          0.9880229
        ]
      },
      {
        "_Position": [
          507.6592,
          4.92,
          462.1347
        ],
        "_Rotation": [
          0.0,
          -0.6867797,
          0.0,
          0.7268656
        ]
      }
    ]
  }
}