{
  "snow.npc.userdata.NpcTransformUserData": {
    "_TransformArray": [
      {
        "_Position": [
          487.8477,
          14.35031,
          474.0775
        ],
        "_Rotation": [
          0.0,
          0.8988032,
          0.0,
          0.4383523
        ]
      },
      {
        "_Position": [
          487.8374,
          14.36622,
          474.0666
        ],
        "_Rotation": [
          0.0,
          0.7071068,
          0.0,
          0.7071068
        ]
      },
      {
        "_Position": [
          510.2736,
          4.599994,
          468.9002
        ],
        "_Rotation": [
          0.0,
          0.5589817,
          0.0,
          0.82918
        ]
      },
      {
        "_Position": [
          9900.0,
          9900.0,
          9900.0
        ],
        "_Rotation": [
          0.0,
          0.0,
          0.0,
          1.0
        ]
      }
    ]
  }
}