{
  "snow.npc.userdata.NpcTransformUserData": {
    "_TransformArray": [
      {
        "_Position": [
          522.8406,
          2.043,
          508.1612
        ],
        "_Rotation": [
          0.0,
          -0.5060436,
          0.0,
          0.8625079
        ]
      }
    ]
  }
}