{
  "snow.npc.userdata.NpcTransformUserData": {
    "_TransformArray": [
      {
        "_Position": [
          454.1611,
          9.312877,
          482.1723
        ],
        "_Rotation": [
          0.0,
          0.9834794,
          0.0,
          0.1810202
        ]
      }
    ]
  }
}