{
  "snow.npc.userdata.NpcTransformUserData": {
    "_TransformArray": [
      {
        "_Position": [
          -1521.518,
          -0.2368187,
          -1514.788
        ],
        "_Rotation": [
          0.0,
          0.9382768,
          0.0,
          -0.3458853
        ]
      },
      {
        "_Position": [
          -1522.513,
          -0.2436,
          -1515.493
        ],
        "_Rotation": [
          0.0,
          -0.6225666,
          0.0,
          0.7825668
        ]
      }
    ]
  }
}