{
  "snow.npc.userdata.NpcTransformUserData": {
    "_TransformArray": [
      {
        "_Position": [
          503.4032,
          5.005483,
          465.729
        ],
        "_Rotation": [
          0.0,
          0.4383712,
          0.0,
          0.898794
        ]
      }
    ]
  }
}