{
  "ace.retarget.user_data.FeatureParameter": {
    "_FeatureData": [
      {
        "_Type": 9,
        "_Feature": {
          "_ShoulderRot": {
            "Offset": [
              4.440892e-16,
              -7.549789e-8,
              3.35278e-23,
              1.0
            ],
            "Scale": [
              1.0,
              1.0,
              1.0
            ]
          },
          "_UpperArmRot": {
            "Offset": [
              -0.0868241,
              -0.007596132,
              -0.08682413,
              0.9924039
            ],
            "Scale": [
              1.0,
              1.0,
              1.0
            ]
          },
          "_ForeArmRot": {
            "Offset": [
              -0.1260786,
              0.2566048,
              0.03378266,
              0.9576622
            ],
            "Scale": [
              1.0,
              1.0,
              1.0
            ]
          },
          "_HandRotOffset": [
            -0.08715575,
            0.0,
            0.0,
            0.9961947
          ],
          "_ElbowAimRot": 0.0
        }
      }
    ]
  }
}