{
  "snow.npc.userdata.NpcTransformUserData": {
    "_TransformArray": [
      {
        "_Position": [
          514.987,
          2.3305,
          -1523.943
        ],
        "_Rotation": [
          0.0,
          0.008112202,
          0.0,
          0.9999671
        ]
      }
    ]
  }
}